Academic Year,Module Code,Assessment Pattern Code,Assessment Sequence Number,Assessment Name,Assessment Weight,Assessment Summary,Module Instance Key,Module Delivery Instance Key,Assessment Body Instance Key
2023,COMP0002,COMP0002A4UF,1,Controlled Condition Exam (In Person),90,#001 90% EC05 Controlled Condition Exam (In Person),2023-COMP0002,2023-COMP0002-A4U,COMP0002A4UF-1
2023,COMP0002,COMP0002A4UF,2,Coursework 1,5,#002 05% CN01 Coursework 1,2023-COMP0002,2023-COMP0002-A4U,COMP0002A4UF-2
2023,COMP0002,COMP0002A4UF,3,Coursework 2,5,#003 05% CN01 Coursework 2,2023-COMP0002,2023-COMP0002-A4U,COMP0002A4UF-3
2023,COMP0003,COMP0003A4UF,1,Controlled Condition Exam (In Person),100,#001 100% EC05 Controlled Condition Exam (In Person),2023-COMP0003,2023-COMP0003-A4U,COMP0003A4UF-1
2023,COMP0004,COMP0004A4UF,1,Controlled Condition Exam (In Person),90,#001 90% EC05 Controlled Condition Exam (In Person),2023-COMP0004,2023-COMP0004-A4U,COMP0004A4UF-1
2023,COMP0004,COMP0004A4UF,2,Coursework,10,#002 10% CN01 Coursework,2023-COMP0004,2023-COMP0004-A4U,COMP0004A4UF-2
2023,COMP0005,COMP0005A4UF,1,Controlled Condition Exam (In Person),60,#001 60% EC05 Controlled Condition Exam (In Person),2023-COMP0005,2023-COMP0005-A4U,COMP0005A4UF-1
2023,COMP0005,COMP0005A4UF,2,Coursework (Group),40,#002 40% GN01 Coursework (Group),2023-COMP0005,2023-COMP0005-A4U,COMP0005A4UF-2
2023,COMP0007,COMP0007A5UF,1,Coursework 1,20,#001 20% CN01 Coursework 1,2023-COMP0007,2023-COMP0007-A5U,COMP0007A5UF-1
2023,COMP0007,COMP0007A5UF,2,Coursework 2,20,#002 20% CN01 Coursework 2,2023-COMP0007,2023-COMP0007-A5U,COMP0007A5UF-2
2023,COMP0007,COMP0007A5UF,3,Coursework 3,20,#003 20% CN01 Coursework 3,2023-COMP0007,2023-COMP0007-A5U,COMP0007A5UF-3
2023,COMP0007,COMP0007A5UF,4,Coursework 4,20,#004 20% CN01 Coursework 4,2023-COMP0007,2023-COMP0007-A5U,COMP0007A5UF-4
2023,COMP0007,COMP0007A5UF,5,Oral Presentation,20,#005 20% OD02 Oral Presentation,2023-COMP0007,2023-COMP0007-A5U,COMP0007A5UF-5
2023,COMP0008,COMP0008A5UF,1,Controlled Condition Exam (remote-online),100,#001 100% EC03 Controlled Condition Exam (remote-online),2023-COMP0008,2023-COMP0008-A5U,COMP0008A5UF-1
2023,COMP0009,COMP0009A5UF,1,Controlled Condition Exam (In Person),95,#001 95% EC05 Controlled Condition Exam (In Person),2023-COMP0009,2023-COMP0009-A5U,COMP0009A5UF-1
2023,COMP0009,COMP0009A5UF,2,Coursework,3,#002 03% CN01 Coursework,2023-COMP0009,2023-COMP0009-A5U,COMP0009A5UF-2
2023,COMP0009,COMP0009A5UF,3,Test,2,#003 02% TD01 Test,2023-COMP0009,2023-COMP0009-A5U,COMP0009A5UF-3
2023,COMP0010,COMP0010A5UF,1,Code (Group),50,#001 50% GN01 Code (Group),2023-COMP0010,2023-COMP0010-A5U,COMP0010A5UF-1
2023,COMP0010,COMP0010A5UF,2,Report (Individual),50,#002 50% CN01 Report (Individual),2023-COMP0010,2023-COMP0010-A5U,COMP0010A5UF-2
2023,COMP0011,COMP0011A4UF,1,Controlled Condition Exam (In Person),100,#001 100% EC05 Controlled Condition Exam (In Person),2023-COMP0011,2023-COMP0011-A4U,COMP0011A4UF-1
2023,COMP0011,COMP0011A5UF,1,Controlled Condition Exam (In Person),100,#001 100% EC05 Controlled Condition Exam (In Person),2023-COMP0011,2023-COMP0011-A5U,COMP0011A5UF-1
2023,COMP0012,COMP0012A4UF,1,Controlled Condition Exam (remote-online),80,#001 80% EC03 Controlled Condition Exam (remote-online),2023-COMP0012,2023-COMP0012-A4U,COMP0012A4UF-1
2023,COMP0012,COMP0012A4UF,2,Coursework 1 (Individual),10,#002 10% CN01 Coursework 1 (Individual),2023-COMP0012,2023-COMP0012-A4U,COMP0012A4UF-2
2023,COMP0012,COMP0012A4UF,3,Coursework 2 (Group),10,#003 10% GN02 Coursework 2 (Group),2023-COMP0012,2023-COMP0012-A4U,COMP0012A4UF-3
2023,COMP0012,COMP0012A6UF,1,Controlled Condition Exam (remote-online),80,#001 80% EC03 Controlled Condition Exam (remote-online),2023-COMP0012,2023-COMP0012-A6U,COMP0012A6UF-1
2023,COMP0012,COMP0012A6UF,2,Coursework 1 (Individual),10,#002 10% CN01 Coursework 1 (Individual),2023-COMP0012,2023-COMP0012-A6U,COMP0012A6UF-2
2023,COMP0012,COMP0012A6UF,3,Coursework 2 (Group),10,#003 10% GN02 Coursework 2 (Group),2023-COMP0012,2023-COMP0012-A6U,COMP0012A6UF-3
2023,COMP0014,COMP0014A5UF,1,Coursework,100,#001 100% CN01 Coursework,2023-COMP0014,2023-COMP0014-A5U,COMP0014A5UF-1
2023,COMP0015,COMP0015A5UF,1,Test,40,#001 40% TD01 Test,2023-COMP0015,2023-COMP0015-A5U,COMP0015A5UF-1
2023,COMP0015,COMP0015A5UF,2,Coursework,60,#002 60% CN01 Coursework,2023-COMP0015,2023-COMP0015-A5U,COMP0015A5UF-2
2023,COMP0016,COMP0016A5UF,1,Coursework (HCI) (Group),5,#001 05% GN02 Coursework (HCI) (Group),2023-COMP0016,2023-COMP0016-A5U,COMP0016A5UF-1
2023,COMP0016,COMP0016A5UF,2,Presentation 1 (Pitch) (Group),5,#002 05% GN02 Presentation 1 (Pitch) (Group),2023-COMP0016,2023-COMP0016-A5U,COMP0016A5UF-2
2023,COMP0016,COMP0016A5UF,3,Presentation 2 (Client) (Group),5,#003 05% GN02 Presentation 2 (Client) (Group),2023-COMP0016,2023-COMP0016-A5U,COMP0016A5UF-3
2023,COMP0016,COMP0016A5UF,4,Portfolio (Group),55,#004 55% GN02 Portfolio (Group),2023-COMP0016,2023-COMP0016-A5U,COMP0016A5UF-4
2023,COMP0016,COMP0016A5UF,5,Coursework (Individual),30,#005 30% CN01 Coursework (Individual),2023-COMP0016,2023-COMP0016-A5U,COMP0016A5UF-5
2023,COMP0017,COMP0017A6UF,1,Controlled Condition Exam (In Person),100,#001 100% EC05 Controlled Condition Exam (In Person),2023-COMP0017,2023-COMP0017-A6U,COMP0017A6UF-1
2023,COMP0019,COMP0019A6UF,1,Controlled Condition Exam (In Person),60,#001 60% EC05 Controlled Condition Exam (In Person),2023-COMP0019,2023-COMP0019-A6U,COMP0019A6UF-1
2023,COMP0019,COMP0019A6UF,2,Coursework 1,13,#002 13% CN01 Coursework 1,2023-COMP0019,2023-COMP0019-A6U,COMP0019A6UF-2
2023,COMP0019,COMP0019A6UF,3,Coursework 2,13,#003 13% CN01 Coursework 2,2023-COMP0019,2023-COMP0019-A6U,COMP0019A6UF-3
2023,COMP0019,COMP0019A6UF,4,Coursework 3,14,#004 14% CN01 Coursework 3,2023-COMP0019,2023-COMP0019-A6U,COMP0019A6UF-4
2023,COMP0020,COMP0020A6UF,1,Controlled Condition Exam (In Person),100,#001 100% EC05 Controlled Condition Exam (In Person),2023-COMP0020,2023-COMP0020-A6U,COMP0020A6UF-1
2023,COMP0020,COMP0020A7PF,1,Controlled Condition Exam (In Person),100,#001 100% EC05 Controlled Condition Exam (In Person),2023-COMP0020,2023-COMP0020-A7P,COMP0020A7PF-1
2023,COMP0021,COMP0021A6UF,1,Test 1,12,#001 12% TD01 Test 1,2023-COMP0021,2023-COMP0021-A6U,COMP0021A6UF-1
2023,COMP0021,COMP0021A6UF,2,Test 2,12,#002 12% TD01 Test 2,2023-COMP0021,2023-COMP0021-A6U,COMP0021A6UF-2
2023,COMP0021,COMP0021A6UF,3,Test 3,12,#003 12% TD01 Test 3,2023-COMP0021,2023-COMP0021-A6U,COMP0021A6UF-3
2023,COMP0021,COMP0021A6UF,4,Test 4,12,#004 12% TD01 Test 4,2023-COMP0021,2023-COMP0021-A6U,COMP0021A6UF-4
2023,COMP0021,COMP0021A6UF,5,Coursework 1,10,#005 10% CN01 Coursework 1,2023-COMP0021,2023-COMP0021-A6U,COMP0021A6UF-5
2023,COMP0021,COMP0021A6UF,6,Coursework 2,42,#006 42% CN01 Coursework 2,2023-COMP0021,2023-COMP0021-A6U,COMP0021A6UF-6
2023,COMP0021,COMP0021A7PF,1,Test 1,12,#001 12% TD01 Test 1,2023-COMP0021,2023-COMP0021-A7P,COMP0021A7PF-1
2023,COMP0021,COMP0021A7PF,2,Test 2,12,#002 12% TD01 Test 2,2023-COMP0021,2023-COMP0021-A7P,COMP0021A7PF-2
2023,COMP0021,COMP0021A7PF,3,Test 3,12,#003 12% TD01 Test 3,2023-COMP0021,2023-COMP0021-A7P,COMP0021A7PF-3
2023,COMP0021,COMP0021A7PF,4,Test 4,12,#004 12% TD01 Test 4,2023-COMP0021,2023-COMP0021-A7P,COMP0021A7PF-4
2023,COMP0021,COMP0021A7PF,5,Coursework 1,10,#005 10% CN01 Coursework 1,2023-COMP0021,2023-COMP0021-A7P,COMP0021A7PF-5
2023,COMP0021,COMP0021A7PF,6,Coursework 2,42,#006 42% CN01 Coursework 2,2023-COMP0021,2023-COMP0021-A7P,COMP0021A7PF-6
2023,COMP0022,COMP0022A6UF,1,Controlled Condition Exam (In Person),50,#001 50% EC05 Controlled Condition Exam (In Person),2023-COMP0022,2023-COMP0022-A6U,COMP0022A6UF-1
2023,COMP0022,COMP0022A6UF,2,Coursework,50,#002 50% CN01 Coursework,2023-COMP0022,2023-COMP0022-A6U,COMP0022A6UF-2
2023,COMP0022,COMP0022A7PF,1,Controlled Condition Exam (In Person),50,#001 50% EC05 Controlled Condition Exam (In Person),2023-COMP0022,2023-COMP0022-A7P,COMP0022A7PF-1
2023,COMP0022,COMP0022A7PF,2,Coursework,50,#002 50% CN01 Coursework,2023-COMP0022,2023-COMP0022-A7P,COMP0022A7PF-2
2023,COMP0023,COMP0023A6UF,1,Controlled Condition Exam (In Person),70,#001 70% EC05 Controlled Condition Exam (In Person),2023-COMP0023,2023-COMP0023-A6U,COMP0023A6UF-1
2023,COMP0023,COMP0023A6UF,2,Coursework 1,15,#002 15% CN01 Coursework 1,2023-COMP0023,2023-COMP0023-A6U,COMP0023A6UF-2
2023,COMP0023,COMP0023A6UF,3,Coursework 2,15,#003 15% CN01 Coursework 2,2023-COMP0023,2023-COMP0023-A6U,COMP0023A6UF-3
2023,COMP0023,COMP0023A7PF,1,Controlled Condition Exam (In Person),70,#001 70% EC05 Controlled Condition Exam (In Person),2023-COMP0023,2023-COMP0023-A7P,COMP0023A7PF-1
2023,COMP0023,COMP0023A7PF,2,Coursework 1,15,#002 15% CN01 Coursework 1,2023-COMP0023,2023-COMP0023-A7P,COMP0023A7PF-2
2023,COMP0023,COMP0023A7PF,3,Coursework 2,15,#003 15% CN01 Coursework 2,2023-COMP0023,2023-COMP0023-A7P,COMP0023A7PF-3
2023,COMP0024,COMP0024A6UF,1,Controlled Condition Exam (In Person),90,#001 90% EC05 Controlled Condition Exam (In Person),2023-COMP0024,2023-COMP0024-A6U,COMP0024A6UF-1
2023,COMP0024,COMP0024A6UF,2,Coursework 1,5,#002 05% CN01 Coursework 1,2023-COMP0024,2023-COMP0024-A6U,COMP0024A6UF-2
2023,COMP0024,COMP0024A6UF,3,Coursework 2,5,#003 05% CN01 Coursework 2,2023-COMP0024,2023-COMP0024-A6U,COMP0024A6UF-3
2023,COMP0024,COMP0024A7PF,1,Controlled Condition Exam (In Person),90,#001 90% EC05 Controlled Condition Exam (In Person),2023-COMP0024,2023-COMP0024-A7P,COMP0024A7PF-1
2023,COMP0024,COMP0024A7PF,2,Coursework 1,5,#002 05% CN01 Coursework 1,2023-COMP0024,2023-COMP0024-A7P,COMP0024A7PF-2
2023,COMP0024,COMP0024A7PF,3,Coursework 2,5,#003 05% CN01 Coursework 2,2023-COMP0024,2023-COMP0024-A7P,COMP0024A7PF-3
2023,COMP0025,COMP0025A6UF,1,Controlled Condition Exam (In Person),75,#001 75% EC05 Controlled Condition Exam (In Person),2023-COMP0025,2023-COMP0025-A6U,COMP0025A6UF-1
2023,COMP0025,COMP0025A6UF,2,Coursework,25,#002 25% CN01 Coursework,2023-COMP0025,2023-COMP0025-A6U,COMP0025A6UF-2
2023,COMP0025,COMP0025A7PF,1,Controlled Condition Exam (In Person),75,#001 75% EC05 Controlled Condition Exam (In Person),2023-COMP0025,2023-COMP0025-A7P,COMP0025A7PF-1
2023,COMP0025,COMP0025A7PF,2,Coursework,25,#002 25% CN01 Coursework,2023-COMP0025,2023-COMP0025-A7P,COMP0025A7PF-2
2023,COMP0025,COMP0025A7UF,1,Controlled Condition Exam (In Person),75,#001 75% EC05 Controlled Condition Exam (In Person),2023-COMP0025,2023-COMP0025-A7U,COMP0025A7UF-1
2023,COMP0025,COMP0025A7UF,2,Coursework,25,#002 25% CN01 Coursework,2023-COMP0025,2023-COMP0025-A7U,COMP0025A7UF-2
2023,COMP0026,COMP0026A6UF,1,Coursework 1,20,#001 20% CN01 Coursework 1,2023-COMP0026,2023-COMP0026-A6U,COMP0026A6UF-1
2023,COMP0026,COMP0026A6UF,2,Coursework 2,20,#002 20% CN01 Coursework 2,2023-COMP0026,2023-COMP0026-A6U,COMP0026A6UF-2
2023,COMP0026,COMP0026A6UF,3,Practical,60,#003 60% PD01 Practical,2023-COMP0026,2023-COMP0026-A6U,COMP0026A6UF-3
2023,COMP0026,COMP0026A7PF,1,Coursework 1,20,#001 20% CN01 Coursework 1,2023-COMP0026,2023-COMP0026-A7P,COMP0026A7PF-1
2023,COMP0026,COMP0026A7PF,2,Coursework 2,20,#002 20% CN01 Coursework 2,2023-COMP0026,2023-COMP0026-A7P,COMP0026A7PF-2
2023,COMP0026,COMP0026A7PF,3,Practical,60,#003 60% PD01 Practical,2023-COMP0026,2023-COMP0026-A7P,COMP0026A7PF-3
2023,COMP0027,COMP0027A6UF,1,Coursework 1 (Raytracing),33,#001 33% CN01 Coursework 1 (Raytracing),2023-COMP0027,2023-COMP0027-A6U,COMP0027A6UF-1
2023,COMP0027,COMP0027A6UF,2,Coursework 2 (Rasterization),33,#002 33% CN01 Coursework 2 (Rasterization),2023-COMP0027,2023-COMP0027-A6U,COMP0027A6UF-2
2023,COMP0027,COMP0027A6UF,3,Coursework 3 (Path Tracing),34,#003 34% CN01 Coursework 3 (Path Tracing),2023-COMP0027,2023-COMP0027-A6U,COMP0027A6UF-3
2023,COMP0027,COMP0027A7PF,1,Coursework 1 (Raytracing),33,#001 33% CN01 Coursework 1 (Raytracing),2023-COMP0027,2023-COMP0027-A7P,COMP0027A7PF-1
2023,COMP0027,COMP0027A7PF,2,Coursework 2 (Rasterization),33,#002 33% CN01 Coursework 2 (Rasterization),2023-COMP0027,2023-COMP0027-A7P,COMP0027A7PF-2
2023,COMP0027,COMP0027A7PF,3,Coursework 3 (Path Tracing),34,#003 34% CN01 Coursework 3 (Path Tracing),2023-COMP0027,2023-COMP0027-A7P,COMP0027A7PF-3
2023,COMP0028,COMP0028A7PF,1,Individual project,60,#001 60% RN02 Individual project,2023-COMP0028,2023-COMP0028-A7P,COMP0028A7PF-1
2023,COMP0028,COMP0028A7PF,2,Coursework 1,20,#002 20% CN01 Coursework 1,2023-COMP0028,2023-COMP0028-A7P,COMP0028A7PF-2
2023,COMP0028,COMP0028A7PF,3,Coursework 2,20,#003 20% CN01 Coursework 2,2023-COMP0028,2023-COMP0028-A7P,COMP0028A7PF-3
2023,COMP0028,COMP0028A7UF,1,Individual project,60,#001 60% RN02 Individual project,2023-COMP0028,2023-COMP0028-A7U,COMP0028A7UF-1
2023,COMP0028,COMP0028A7UF,2,Coursework 1,20,#002 20% CN01 Coursework 1,2023-COMP0028,2023-COMP0028-A7U,COMP0028A7UF-2
2023,COMP0028,COMP0028A7UF,3,Coursework 2,20,#003 20% CN01 Coursework 2,2023-COMP0028,2023-COMP0028-A7U,COMP0028A7UF-3
2023,COMP0029,COMP0029A6UF,1,Project/ Dissertation Report,90,#001 90% RN01 Project/ Dissertation Report,2023-COMP0029,2023-COMP0029-A6U,COMP0029A6UF-1
2023,COMP0029,COMP0029A6UF,2,UCL Challenge,10,#002 10% CN01 UCL Challenge,2023-COMP0029,2023-COMP0029-A6U,COMP0029A6UF-2
2023,COMP0030,COMP0030A6UF,1,Coursework,80,#001 80% CN01 Coursework,2023-COMP0030,2023-COMP0030-A6U,COMP0030A6UF-1
2023,COMP0030,COMP0030A6UF,2,UCL Challenge,20,#002 20% CN01 UCL Challenge,2023-COMP0030,2023-COMP0030-A6U,COMP0030A6UF-2
2023,COMP0031,COMP0031A6UF,2,Report 1 (Group),40,#002 40% GN02 Report 1 (Group),2023-COMP0031,2023-COMP0031-A6U,COMP0031A6UF-2
2023,COMP0031,COMP0031A6UF,3,Report 2 (Individual),60,#003 60% RN01 Report 2 (Individual),2023-COMP0031,2023-COMP0031-A6U,COMP0031A6UF-3
2023,COMP0032,COMP0032A6UF,1,Study Abroad Year Final Mark,98,#001 98% FN01 Study Abroad Year Final Mark,2023-COMP0032,2023-COMP0032-A6U,COMP0032A6UF-1
2023,COMP0032,COMP0032A6UF,2,UCL Challenge,2,#002 02% CN01 UCL Challenge,2023-COMP0032,2023-COMP0032-A6U,COMP0032A6UF-2
2023,COMP0033,COMP0033A6UF,1,Report,100,#001 100% CN01 Report,2023-COMP0033,2023-COMP0033-A6U,COMP0033A6UF-1
2023,COMP0034,COMP0034A6UF,1,Coursework 1,50,#001 50% CN01 Coursework 1,2023-COMP0034,2023-COMP0034-A6U,COMP0034A6UF-1
2023,COMP0034,COMP0034A6UF,2,Coursework 2,50,#002 50% CN01 Coursework 2,2023-COMP0034,2023-COMP0034-A6U,COMP0034A6UF-2
2023,COMP0035,COMP0035A6UF,1,Coursework 1,50,#001 50% CN01 Coursework 1,2023-COMP0035,2023-COMP0035-A6U,COMP0035A6UF-1
2023,COMP0035,COMP0035A6UF,2,Coursework 2,50,#002 50% CN01 Coursework 2,2023-COMP0035,2023-COMP0035-A6U,COMP0035A6UF-2
2023,COMP0036,COMP0036A6UF,1,Controlled Condition Exam (In Person),60,#001 60% EC05 Controlled Condition Exam (In Person),2023-COMP0036,2023-COMP0036-A6U,COMP0036A6UF-1
2023,COMP0036,COMP0036A6UF,2,Coursework (Group),40,#002 40% GN02 Coursework (Group),2023-COMP0036,2023-COMP0036-A6U,COMP0036A6UF-2
2023,COMP0037,COMP0037A6UF,1,Coursework 1 (Group),40,#001 40% GN02 Coursework 1 (Group),2023-COMP0037,2023-COMP0037-A6U,COMP0037A6UF-1
2023,COMP0037,COMP0037A6UF,2,Coursework 2 (Group),60,#002 60% GN02 Coursework 2 (Group),2023-COMP0037,2023-COMP0037-A6U,COMP0037A6UF-2
2023,COMP0039,COMP0039A6UF,1,Coursework 1,25,#001 25% CN01 Coursework 1,2023-COMP0039,2023-COMP0039-A6U,COMP0039A6UF-1
2023,COMP0039,COMP0039A6UF,2,Coursework 2,25,#002 25% CN01 Coursework 2,2023-COMP0039,2023-COMP0039-A6U,COMP0039A6UF-2
2023,COMP0039,COMP0039A6UF,3,Coursework 3,25,#003 25% CN01 Coursework 3,2023-COMP0039,2023-COMP0039-A6U,COMP0039A6UF-3
2023,COMP0039,COMP0039A6UF,4,Presentation,25,#004 25% CN01 Presentation,2023-COMP0039,2023-COMP0039-A6U,COMP0039A6UF-4
2023,COMP0039,COMP0039A7PF,1,Coursework 1,25,#001 25% CN01 Coursework 1,2023-COMP0039,2023-COMP0039-A7P,COMP0039A7PF-1
2023,COMP0039,COMP0039A7PF,2,Coursework 2,25,#002 25% CN01 Coursework 2,2023-COMP0039,2023-COMP0039-A7P,COMP0039A7PF-2
2023,COMP0039,COMP0039A7PF,3,Coursework 3,25,#003 25% CN01 Coursework 3,2023-COMP0039,2023-COMP0039-A7P,COMP0039A7PF-3
2023,COMP0039,COMP0039A7PF,4,Presentation,25,#004 25% CN01 Presentation,2023-COMP0039,2023-COMP0039-A7P,COMP0039A7PF-4
2023,COMP0039,COMP0039A7UF,1,Coursework 1,25,#001 25% CN01 Coursework 1,2023-COMP0039,2023-COMP0039-A7U,COMP0039A7UF-1
2023,COMP0039,COMP0039A7UF,2,Coursework 2,25,#002 25% CN01 Coursework 2,2023-COMP0039,2023-COMP0039-A7U,COMP0039A7UF-2
2023,COMP0039,COMP0039A7UF,3,Coursework 3,25,#003 25% CN01 Coursework 3,2023-COMP0039,2023-COMP0039-A7U,COMP0039A7UF-3
2023,COMP0039,COMP0039A7UF,4,Presentation,25,#004 25% CN01 Presentation,2023-COMP0039,2023-COMP0039-A7U,COMP0039A7UF-4
2023,COMP0040,COMP0040A7PF,1,Coursework,70,#001 70% CN01 Coursework,2023-COMP0040,2023-COMP0040-A7P,COMP0040A7PF-1
2023,COMP0040,COMP0040A7PF,2,Test,30,#002 30% TD01 Test,2023-COMP0040,2023-COMP0040-A7P,COMP0040A7PF-2
2023,COMP0041,COMP0041A7PF,1,Controlled Condition Exam (In Person),80,#001 80% EC05 Controlled Condition Exam (In Person),2023-COMP0041,2023-COMP0041-A7P,COMP0041A7PF-1
2023,COMP0041,COMP0041A7PF,2,Test (In Person),20,#002 20% TD01 Test (In Person),2023-COMP0041,2023-COMP0041-A7P,COMP0041A7PF-2
2023,COMP0043,COMP0043A7PF,1,Controlled Condition Exam (In Person),60,#001 60% EC05 Controlled Condition Exam (In Person),2023-COMP0043,2023-COMP0043-A7P,COMP0043A7PF-1
2023,COMP0043,COMP0043A7PF,2,Test (In Person),40,#002 40% TD01 Test (In Person),2023-COMP0043,2023-COMP0043-A7P,COMP0043A7PF-2
2023,COMP0044,COMP0044A7PF,1,Coursework (Group),50,#001 50% GN02 Coursework (Group),2023-COMP0044,2023-COMP0044-A7P,COMP0044A7PF-1
2023,COMP0044,COMP0044A7PF,2,Test 1,25,#002 25% TD01 Test 1,2023-COMP0044,2023-COMP0044-A7P,COMP0044A7PF-2
2023,COMP0044,COMP0044A7PF,3,Test 2,25,#003 25% TD01 Test 2,2023-COMP0044,2023-COMP0044-A7P,COMP0044A7PF-3
2023,COMP0044,COMP0044A7UF,1,Coursework (Group),50,#001 50% GN02 Coursework (Group),2023-COMP0044,2023-COMP0044-A7U,COMP0044A7UF-1
2023,COMP0044,COMP0044A7UF,2,Test 1,25,#002 25% TD01 Test 1,2023-COMP0044,2023-COMP0044-A7U,COMP0044A7UF-2
2023,COMP0044,COMP0044A7UF,3,Test 2,25,#003 25% TD01 Test 2,2023-COMP0044,2023-COMP0044-A7U,COMP0044A7UF-3
2023,COMP0045,COMP0045A7PF,1,Controlled Condition Exam (In Person),60,#001 60% EC05 Controlled Condition Exam (In Person),2023-COMP0045,2023-COMP0045-A7P,COMP0045A7PF-1
2023,COMP0045,COMP0045A7PF,2,Test (In Person),40,#002 40% TD01 Test (In Person),2023-COMP0045,2023-COMP0045-A7P,COMP0045A7PF-2
2023,COMP0046,COMP0046A7PF,1,Coursework,100,#001 100% CN01 Coursework,2023-COMP0046,2023-COMP0046-A7P,COMP0046A7PF-1
2023,COMP0047,COMP0047A7PF,1,Coursework,70,#001 70% CN01 Coursework,2023-COMP0047,2023-COMP0047-A7P,COMP0047A7PF-1
2023,COMP0047,COMP0047A7PF,2,Test (In Person),30,#002 30% TD01 Test (In Person),2023-COMP0047,2023-COMP0047-A7P,COMP0047A7PF-2
2023,COMP0048,COMP0048A7PF,1,Controlled Condition Exam (In Person),80,#001 80% EC05 Controlled Condition Exam (In Person),2023-COMP0048,2023-COMP0048-A7P,COMP0048A7PF-1
2023,COMP0048,COMP0048A7PF,5,Test (In Person),20,#005 20% TD01 Test (In Person),2023-COMP0048,2023-COMP0048-A7P,COMP0048A7PF-5
2023,COMP0049,COMP0049A7PF,1,Practical Exam (In Person),100,#001 100% PD01 Practical Exam (In Person),2023-COMP0049,2023-COMP0049-A7P,COMP0049A7PF-1
2023,COMP0050,COMP0050A7PF,1,Coursework,100,#001 100% CN01 Coursework,2023-COMP0050,2023-COMP0050-A7P,COMP0050A7PF-1
2023,COMP0051,COMP0051A7PF,1,Coursework 1,40,#001 40% CN01 Coursework 1,2023-COMP0051,2023-COMP0051-A7P,COMP0051A7PF-1
2023,COMP0051,COMP0051A7PF,2,Coursework 2,60,#002 60% CN01 Coursework 2,2023-COMP0051,2023-COMP0051-A7P,COMP0051A7PF-2
2023,COMP0053,COMP0053A7PF,1,Coursework 1 (Group),40,#001 40% GN01 Coursework 1 (Group),2023-COMP0053,2023-COMP0053-A7P,COMP0053A7PF-1
2023,COMP0053,COMP0053A7PF,2,Coursework 2 (Individual),60,#002 60% CN01 Coursework 2 (Individual),2023-COMP0053,2023-COMP0053-A7P,COMP0053A7PF-2
2023,COMP0053,COMP0053A7UF,1,Coursework 1 (Group),40,#001 40% GN01 Coursework 1 (Group),2023-COMP0053,2023-COMP0053-A7U,COMP0053A7UF-1
2023,COMP0053,COMP0053A7UF,2,Coursework 2 (Individual),60,#002 60% CN01 Coursework 2 (Individual),2023-COMP0053,2023-COMP0053-A7U,COMP0053A7UF-2
2023,COMP0054,COMP0054A7PF,1,Controlled Condition Exam (In Person),80,#001 80% EC05 Controlled Condition Exam (In Person),2023-COMP0054,2023-COMP0054-A7P,COMP0054A7PF-1
2023,COMP0054,COMP0054A7PF,2,Coursework,20,#002 20% CN01 Coursework,2023-COMP0054,2023-COMP0054-A7P,COMP0054A7PF-2
2023,COMP0054,COMP0054A7UF,1,Controlled Condition Exam (In Person),80,#001 80% EC05 Controlled Condition Exam (In Person),2023-COMP0054,2023-COMP0054-A7U,COMP0054A7UF-1
2023,COMP0054,COMP0054A7UF,2,Coursework,20,#002 20% CN01 Coursework,2023-COMP0054,2023-COMP0054-A7U,COMP0054A7UF-2
2023,COMP0055,COMP0055A7PF,1,Controlled Condition Exam (In Person),50,#001 50% EC05 Controlled Condition Exam (In Person),2023-COMP0055,2023-COMP0055-A7P,COMP0055A7PF-1
2023,COMP0055,COMP0055A7PF,2,Coursework 1,20,#002 20% CN01 Coursework 1,2023-COMP0055,2023-COMP0055-A7P,COMP0055A7PF-2
2023,COMP0055,COMP0055A7PF,3,Coursework 2,30,#003 30% CN01 Coursework 2,2023-COMP0055,2023-COMP0055-A7P,COMP0055A7PF-3
2023,COMP0055,COMP0055A7UF,1,Controlled Condition Exam (In Person),50,#001 50% EC05 Controlled Condition Exam (In Person),2023-COMP0055,2023-COMP0055-A7U,COMP0055A7UF-1
2023,COMP0055,COMP0055A7UF,2,Coursework 1,20,#002 20% CN01 Coursework 1,2023-COMP0055,2023-COMP0055-A7U,COMP0055A7UF-2
2023,COMP0055,COMP0055A7UF,3,Coursework 2,30,#003 30% CN01 Coursework 2,2023-COMP0055,2023-COMP0055-A7U,COMP0055A7UF-3
2023,COMP0056,COMP0056A7PF,1,Coursework 1,25,#001 25% CN01 Coursework 1,2023-COMP0056,2023-COMP0056-A7P,COMP0056A7PF-1
2023,COMP0056,COMP0056A7PF,2,Coursework 2,75,#002 75% CN01 Coursework 2,2023-COMP0056,2023-COMP0056-A7P,COMP0056A7PF-2
2023,COMP0056,COMP0056A7UF,1,Coursework 1,25,#001 25% CN01 Coursework 1,2023-COMP0056,2023-COMP0056-A7U,COMP0056A7UF-1
2023,COMP0056,COMP0056A7UF,2,Coursework 2,75,#002 75% CN01 Coursework 2,2023-COMP0056,2023-COMP0056-A7U,COMP0056A7UF-2
2023,COMP0057,COMP0057A7PF,1,Coursework 1,10,#001 10% CN01 Coursework 1,2023-COMP0057,2023-COMP0057-A7P,COMP0057A7PF-1
2023,COMP0057,COMP0057A7PF,2,Coursework 2,10,#002 10% CN01 Coursework 2,2023-COMP0057,2023-COMP0057-A7P,COMP0057A7PF-2
2023,COMP0057,COMP0057A7PF,3,Report,60,#003 60% CN01 Report,2023-COMP0057,2023-COMP0057-A7P,COMP0057A7PF-3
2023,COMP0057,COMP0057A7PF,4,Oral Presentation,20,#004 20% OD02 Oral Presentation,2023-COMP0057,2023-COMP0057-A7P,COMP0057A7PF-4
2023,COMP0059,COMP0059A7PF,1,Coursework 1,25,#001 25% CN01 Coursework 1,2023-COMP0059,2023-COMP0059-A7P,COMP0059A7PF-1
2023,COMP0059,COMP0059A7PF,2,Coursework 2,75,#002 75% CN01 Coursework 2,2023-COMP0059,2023-COMP0059-A7P,COMP0059A7PF-2
2023,COMP0060,COMP0060A7PF,1,Controlled Condition Exam (remote-online),80,#001 80% EC03 Controlled Condition Exam (remote-online),2023-COMP0060,2023-COMP0060-A7P,COMP0060A7PF-1
2023,COMP0060,COMP0060A7PF,2,Coursework,20,#002 20% CN01 Coursework,2023-COMP0060,2023-COMP0060-A7P,COMP0060A7PF-2
2023,COMP0060,COMP0060A7UF,1,Controlled Condition Exam (remote-online),80,#001 80% EC03 Controlled Condition Exam (remote-online),2023-COMP0060,2023-COMP0060-A7U,COMP0060A7UF-1
2023,COMP0060,COMP0060A7UF,2,Coursework,20,#002 20% CN01 Coursework,2023-COMP0060,2023-COMP0060-A7U,COMP0060A7UF-2
2023,COMP0061,COMP0061A7PF,1,Controlled Condition Exam (In Person),70,#001 70% EC05 Controlled Condition Exam (In Person),2023-COMP0061,2023-COMP0061-A7P,COMP0061A7PF-1
2023,COMP0061,COMP0061A7PF,3,Coursework,30,#003 30% CN01 Coursework,2023-COMP0061,2023-COMP0061-A7P,COMP0061A7PF-3
2023,COMP0061,COMP0061A7UF,1,Controlled Condition Exam (In Person),70,#001 70% EC05 Controlled Condition Exam (In Person),2023-COMP0061,2023-COMP0061-A7U,COMP0061A7UF-1
2023,COMP0061,COMP0061A7UF,3,Coursework,30,#003 30% CN01 Coursework,2023-COMP0061,2023-COMP0061-A7U,COMP0061A7UF-3
2023,COMP0063,COMP0063A7PF,1,Coursework 1,25,#001 25% CN01 Coursework 1,2023-COMP0063,2023-COMP0063-A7P,COMP0063A7PF-1
2023,COMP0063,COMP0063A7PF,2,Coursework 2,35,#002 35% CN01 Coursework 2,2023-COMP0063,2023-COMP0063-A7P,COMP0063A7PF-2
2023,COMP0063,COMP0063A7PF,3,Coursework 3,40,#003 40% CN01 Coursework 3,2023-COMP0063,2023-COMP0063-A7P,COMP0063A7PF-3
2023,COMP0064,COMP0064A7PF,1,Project/ Dissertation Report,100,#001 100% RN01 Project/ Dissertation Report,2023-COMP0064,2023-COMP0064-A7P,COMP0064A7PF-1
2023,COMP0066,COMP0066A6UF,1,Test,20,#001 20% TD01 Test,2023-COMP0066,2023-COMP0066-A6U,COMP0066A6UF-1
2023,COMP0066,COMP0066A6UF,2,Project (Group),80,#002 80% GN01 Project (Group),2023-COMP0066,2023-COMP0066-A6U,COMP0066A6UF-2
2023,COMP0066,COMP0066A7PF,1,Test,20,#001 20% TD01 Test,2023-COMP0066,2023-COMP0066-A7P,COMP0066A7PF-1
2023,COMP0066,COMP0066A7PF,2,Project (Group),80,#002 80% GN01 Project (Group),2023-COMP0066,2023-COMP0066-A7P,COMP0066A7PF-2
2023,COMP0067,COMP0067A7PF,1,Project Report (Group),20,#001 20% GN01 Project Report (Group),2023-COMP0067,2023-COMP0067-A7P,COMP0067A7PF-1
2023,COMP0067,COMP0067A7PF,2,Project Code (Group),30,#002 30% GN01 Project Code (Group),2023-COMP0067,2023-COMP0067-A7P,COMP0067A7PF-2
2023,COMP0067,COMP0067A7PF,3,Project Report (Individual),50,#003 50% CN01 Project Report (Individual),2023-COMP0067,2023-COMP0067-A7P,COMP0067A7PF-3
2023,COMP0068,COMP0068A7PF,1,Practical Exam (In Person),90,#001 90% PD01 Practical Exam (In Person),2023-COMP0068,2023-COMP0068-A7P,COMP0068A7PF-1
2023,COMP0068,COMP0068A7PF,2,Coursework,10,#002 10% CN01 Coursework,2023-COMP0068,2023-COMP0068-A7P,COMP0068A7PF-2
2023,COMP0070,COMP0070A7PF,1,Controlled Condition Exam (In Person),90,#001 90% EC05 Controlled Condition Exam (In Person),2023-COMP0070,2023-COMP0070-A7P,COMP0070A7PF-1
2023,COMP0070,COMP0070A7PF,2,Coursework,10,#002 10% CN01 Coursework,2023-COMP0070,2023-COMP0070-A7P,COMP0070A7PF-2
2023,COMP0071,COMP0071A7PF,1,Project Report (Group with Individual Contribution),80,#001 80% GN01 Project Report (Group with Individual Contribution),2023-COMP0071,2023-COMP0071-A7P,COMP0071A7PF-1
2023,COMP0071,COMP0071A7PF,2,Project Video (Group),20,#002 20% GN01 Project Video (Group),2023-COMP0071,2023-COMP0071-A7P,COMP0071A7PF-2
2023,COMP0073,COMP0073A7PF,1,Project/ Dissertation Report,100,#001 100% RN01 Project/ Dissertation Report,2023-COMP0073,2023-COMP0073-A7P,COMP0073A7PF-1
2023,COMP0075,COMP0075A7PF,1,Controlled Condition Exam (In Person),100,#001 100% EC05 Controlled Condition Exam (In Person),2023-COMP0075,2023-COMP0075-A7P,COMP0075A7PF-1
2023,COMP0076,COMP0076A7PF,1,Project/ Dissertation Report,100,#001 100% RN01 Project/ Dissertation Report,2023-COMP0076,2023-COMP0076-A7P,COMP0076A7PF-1
2023,COMP0077,COMP0077A7PF,1,Project/ Dissertation Report,100,#001 100% RN01 Project/ Dissertation Report,2023-COMP0077,2023-COMP0077-A7P,COMP0077A7PF-1
2023,COMP0078,COMP0078A7PF,1,Controlled Condition Exam (In Person),60,#001 60% EC05 Controlled Condition Exam (In Person),2023-COMP0078,2023-COMP0078-A7P,COMP0078A7PF-1
2023,COMP0078,COMP0078A7PF,2,Coursework 1 (Group),20,#002 20% GN02 Coursework 1 (Group),2023-COMP0078,2023-COMP0078-A7P,COMP0078A7PF-2
2023,COMP0078,COMP0078A7PF,3,Coursework 2 (Group),20,#003 20% GN02 Coursework 2 (Group),2023-COMP0078,2023-COMP0078-A7P,COMP0078A7PF-3
2023,COMP0078,COMP0078A7UF,1,Controlled Condition Exam (In Person),60,#001 60% EC05 Controlled Condition Exam (In Person),2023-COMP0078,2023-COMP0078-A7U,COMP0078A7UF-1
2023,COMP0078,COMP0078A7UF,2,Coursework 1 (Group),20,#002 20% GN02 Coursework 1 (Group),2023-COMP0078,2023-COMP0078-A7U,COMP0078A7UF-2
2023,COMP0078,COMP0078A7UF,3,Coursework 2 (Group),20,#003 20% GN02 Coursework 2 (Group),2023-COMP0078,2023-COMP0078-A7U,COMP0078A7UF-3
2023,COMP0080,COMP0080A7PF,1,Controlled Condition Exam (In Person),70,#001 70% EC05 Controlled Condition Exam (In Person),2023-COMP0080,2023-COMP0080-A7P,COMP0080A7PF-1
2023,COMP0080,COMP0080A7PF,2,Coursework,30,#002 30% CN01 Coursework,2023-COMP0080,2023-COMP0080-A7P,COMP0080A7PF-2
2023,COMP0080,COMP0080A7UF,1,Controlled Condition Exam (In Person),70,#001 70% EC05 Controlled Condition Exam (In Person),2023-COMP0080,2023-COMP0080-A7U,COMP0080A7UF-1
2023,COMP0080,COMP0080A7UF,2,Coursework,30,#002 30% CN01 Coursework,2023-COMP0080,2023-COMP0080-A7U,COMP0080A7UF-2
2023,COMP0081,COMP0081A7PF,1,Coursework 1,50,#001 50% CN01 Coursework 1,2023-COMP0081,2023-COMP0081-A7P,COMP0081A7PF-1
2023,COMP0081,COMP0081A7PF,2,Coursework 2,50,#002 50% CN01 Coursework 2,2023-COMP0081,2023-COMP0081-A7P,COMP0081A7PF-2
2023,COMP0081,COMP0081A7UF,1,Coursework 1,50,#001 50% CN01 Coursework 1,2023-COMP0081,2023-COMP0081-A7U,COMP0081A7UF-1
2023,COMP0081,COMP0081A7UF,2,Coursework 2,50,#002 50% CN01 Coursework 2,2023-COMP0081,2023-COMP0081-A7U,COMP0081A7UF-2
2023,COMP0082,COMP0082A7PF,1,Controlled Condition Exam (In Person),60,#001 60% EC05 Controlled Condition Exam (In Person),2023-COMP0082,2023-COMP0082-A7P,COMP0082A7PF-1
2023,COMP0082,COMP0082A7PF,2,Coursework,40,#002 40% CN01 Coursework,2023-COMP0082,2023-COMP0082-A7P,COMP0082A7PF-2
2023,COMP0082,COMP0082A7UF,1,Controlled Condition Exam (In Person),60,#001 60% EC05 Controlled Condition Exam (In Person),2023-COMP0082,2023-COMP0082-A7U,COMP0082A7UF-1
2023,COMP0082,COMP0082A7UF,2,Coursework,40,#002 40% CN01 Coursework,2023-COMP0082,2023-COMP0082-A7U,COMP0082A7UF-2
2023,COMP0083,COMP0083A7PF,1,Controlled Condition Exam (In Person),25,#001 25% EC05 Controlled Condition Exam (In Person),2023-COMP0083,2023-COMP0083-A7P,COMP0083A7PF-1
2023,COMP0083,COMP0083A7PF,2,Coursework 1,25,#002 25% CN01 Coursework 1,2023-COMP0083,2023-COMP0083-A7P,COMP0083A7PF-2
2023,COMP0083,COMP0083A7PF,3,Coursework 2,50,#003 50% CN01 Coursework 2,2023-COMP0083,2023-COMP0083-A7P,COMP0083A7PF-3
2023,COMP0083,COMP0083A7UF,1,Controlled Condition Exam (In Person),25,#001 25% EC05 Controlled Condition Exam (In Person),2023-COMP0083,2023-COMP0083-A7U,COMP0083A7UF-1
2023,COMP0083,COMP0083A7UF,2,Coursework 1,25,#002 25% CN01 Coursework 1,2023-COMP0083,2023-COMP0083-A7U,COMP0083A7UF-2
2023,COMP0083,COMP0083A7UF,3,Coursework 2,50,#003 50% CN01 Coursework 2,2023-COMP0083,2023-COMP0083-A7U,COMP0083A7UF-3
2023,COMP0084,COMP0084A7PF,1,Coursework 1,50,#001 50% CN01 Coursework 1,2023-COMP0084,2023-COMP0084-A7P,COMP0084A7PF-1
2023,COMP0084,COMP0084A7PF,2,Coursework 2,50,#002 50% CN01 Coursework 2,2023-COMP0084,2023-COMP0084-A7P,COMP0084A7PF-2
2023,COMP0084,COMP0084A7UF,1,Coursework 1,50,#001 50% CN01 Coursework 1,2023-COMP0084,2023-COMP0084-A7U,COMP0084A7UF-1
2023,COMP0084,COMP0084A7UF,2,Coursework 2,50,#002 50% CN01 Coursework 2,2023-COMP0084,2023-COMP0084-A7U,COMP0084A7UF-2
2023,COMP0085,COMP0085A7PF,1,Controlled Condition Exam (In Person),50,#001 50% EC05 Controlled Condition Exam (In Person),2023-COMP0085,2023-COMP0085-A7P,COMP0085A7PF-1
2023,COMP0085,COMP0085A7PF,2,Coursework,50,#002 50% CN01 Coursework,2023-COMP0085,2023-COMP0085-A7P,COMP0085A7PF-2
2023,COMP0086,COMP0086A7PF,1,Controlled Condition Exam (In Person),50,#001 50% EC05 Controlled Condition Exam (In Person),2023-COMP0086,2023-COMP0086-A7P,COMP0086A7PF-1
2023,COMP0086,COMP0086A7PF,2,Coursework,50,#002 50% CN01 Coursework,2023-COMP0086,2023-COMP0086-A7P,COMP0086A7PF-2
2023,COMP0087,COMP0087A7PF,1,Coursework (Group),100,#001 100% GN02 Coursework (Group),2023-COMP0087,2023-COMP0087-A7P,COMP0087A7PF-1
2023,COMP0087,COMP0087A7UF,1,Coursework (Group),100,#001 100% GN02 Coursework (Group),2023-COMP0087,2023-COMP0087-A7U,COMP0087A7UF-1
2023,COMP0088,COMP0088A7PF,1,Controlled Condition Exam (remote-online),100,#001 100% EC03 Controlled Condition Exam (remote-online),2023-COMP0088,2023-COMP0088-A7P,COMP0088A7PF-1
2023,COMP0089,COMP0089A7PF,1,Controlled Condition Exam (In Person),50,#001 50% EC05 Controlled Condition Exam (In Person),2023-COMP0089,2023-COMP0089-A7P,COMP0089A7PF-1
2023,COMP0089,COMP0089A7PF,2,Coursework,50,#002 50% CN01 Coursework,2023-COMP0089,2023-COMP0089-A7P,COMP0089A7PF-2
2023,COMP0089,COMP0089A7UF,1,Controlled Condition Exam (In Person),50,#001 50% EC05 Controlled Condition Exam (In Person),2023-COMP0089,2023-COMP0089-A7U,COMP0089A7UF-1
2023,COMP0089,COMP0089A7UF,2,Coursework,50,#002 50% CN01 Coursework,2023-COMP0089,2023-COMP0089-A7U,COMP0089A7UF-2
2023,COMP0090,COMP0090A7PF,1,Coursework 1 (Individual),50,#001 50% CN01 Coursework 1 (Individual),2023-COMP0090,2023-COMP0090-A7P,COMP0090A7PF-1
2023,COMP0090,COMP0090A7PF,2,Coursework 2 (Group),50,#002 50% GN02 Coursework 2 (Group),2023-COMP0090,2023-COMP0090-A7P,COMP0090A7PF-2
2023,COMP0090,COMP0090A7UF,1,Coursework 1 (Individual),50,#001 50% CN01 Coursework 1 (Individual),2023-COMP0090,2023-COMP0090-A7U,COMP0090A7UF-1
2023,COMP0090,COMP0090A7UF,2,Coursework 2 (Group),50,#002 50% GN02 Coursework 2 (Group),2023-COMP0090,2023-COMP0090-A7U,COMP0090A7UF-2
2023,COMP0091,COMP0091A7PF,1,Project/ Dissertation Report,100,#001 100% RN01 Project/ Dissertation Report,2023-COMP0091,2023-COMP0091-A7P,COMP0091A7PF-1
2023,COMP0098,COMP0098A7PF,1,Project/ Dissertation Report,100,#001 100% RN01 Project/ Dissertation Report,2023-COMP0098,2023-COMP0098-A7P,COMP0098A7PF-1
2023,COMP0101,COMP0101A7PF,1,Controlled Condition Exam (In Person),75,#001 75% EC05 Controlled Condition Exam (In Person),2023-COMP0101,2023-COMP0101-A7P,COMP0101A7PF-1
2023,COMP0101,COMP0101A7PF,2,Group Project (with Individual Contribution),25,#002 25% GN01 Group Project (with Individual Contribution),2023-COMP0101,2023-COMP0101-A7P,COMP0101A7PF-2
2023,COMP0101,COMP0101A7UF,1,Controlled Condition Exam (In Person),75,#001 75% EC05 Controlled Condition Exam (In Person),2023-COMP0101,2023-COMP0101-A7U,COMP0101A7UF-1
2023,COMP0101,COMP0101A7UF,2,Group Project (with Individual Contribution),25,#002 25% GN01 Group Project (with Individual Contribution),2023-COMP0101,2023-COMP0101-A7U,COMP0101A7UF-2
2023,COMP0102,COMP0102A7PF,1,Individual Report,50,#001 50% CN01 Individual Report,2023-COMP0102,2023-COMP0102-A7P,COMP0102A7PF-1
2023,COMP0102,COMP0102A7PF,2,Group Project (With Individual Contribution),50,#002 50% GN01 Group Project (With Individual Contribution),2023-COMP0102,2023-COMP0102-A7P,COMP0102A7PF-2
2023,COMP0102,COMP0102A7UF,1,Individual Report,50,#001 50% CN01 Individual Report,2023-COMP0102,2023-COMP0102-A7U,COMP0102A7UF-1
2023,COMP0102,COMP0102A7UF,2,Group Project (With Individual Contribution),50,#002 50% GN01 Group Project (With Individual Contribution),2023-COMP0102,2023-COMP0102-A7U,COMP0102A7UF-2
2023,COMP0103,COMP0103A7PF,1,Controlled Condition Exam (In Person),60,#001 60% EC05 Controlled Condition Exam (In Person),2023-COMP0103,2023-COMP0103-A7P,COMP0103A7PF-1
2023,COMP0103,COMP0103A7PF,2,Coursework 1,20,#002 20% CN01 Coursework 1,2023-COMP0103,2023-COMP0103-A7P,COMP0103A7PF-2
2023,COMP0103,COMP0103A7PF,3,Coursework 2,10,#003 10% CN01 Coursework 2,2023-COMP0103,2023-COMP0103-A7P,COMP0103A7PF-3
2023,COMP0103,COMP0103A7PF,4,Coursework 3,10,#004 10% CN01 Coursework 3,2023-COMP0103,2023-COMP0103-A7P,COMP0103A7PF-4
2023,COMP0103,COMP0103A7UF,1,Controlled Condition Exam (In Person),60,#001 60% EC05 Controlled Condition Exam (In Person),2023-COMP0103,2023-COMP0103-A7U,COMP0103A7UF-1
2023,COMP0103,COMP0103A7UF,2,Coursework 1,20,#002 20% CN01 Coursework 1,2023-COMP0103,2023-COMP0103-A7U,COMP0103A7UF-2
2023,COMP0103,COMP0103A7UF,3,Coursework 2,10,#003 10% CN01 Coursework 2,2023-COMP0103,2023-COMP0103-A7U,COMP0103A7UF-3
2023,COMP0103,COMP0103A7UF,4,Coursework 3,10,#004 10% CN01 Coursework 3,2023-COMP0103,2023-COMP0103-A7U,COMP0103A7UF-4
2023,COMP0104,COMP0104A7PF,1,Controlled Condition Exam (In Person),75,#001 75% EC05 Controlled Condition Exam (In Person),2023-COMP0104,2023-COMP0104-A7P,COMP0104A7PF-1
2023,COMP0104,COMP0104A7PF,2,Coursework 1 (Individual),6,#002 06% CN01 Coursework 1 (Individual),2023-COMP0104,2023-COMP0104-A7P,COMP0104A7PF-2
2023,COMP0104,COMP0104A7PF,3,Coursework 2 (Group),15,#003 15% GN02 Coursework 2 (Group),2023-COMP0104,2023-COMP0104-A7P,COMP0104A7PF-3
2023,COMP0104,COMP0104A7PF,4,Peer Assessment 1,1,#004 01% CN01 Peer Assessment 1,2023-COMP0104,2023-COMP0104-A7P,COMP0104A7PF-4
2023,COMP0104,COMP0104A7PF,5,Peer Assessment 2,1,#005 01% CN01 Peer Assessment 2,2023-COMP0104,2023-COMP0104-A7P,COMP0104A7PF-5
2023,COMP0104,COMP0104A7PF,6,Peer Assessment 3,1,#006 01% CN01 Peer Assessment 3,2023-COMP0104,2023-COMP0104-A7P,COMP0104A7PF-6
2023,COMP0104,COMP0104A7PF,7,Peer Assessment 4,1,#007 01% CN01 Peer Assessment 4,2023-COMP0104,2023-COMP0104-A7P,COMP0104A7PF-7
2023,COMP0104,COMP0104A7UF,1,Controlled Condition Exam (In Person),75,#001 75% EC05 Controlled Condition Exam (In Person),2023-COMP0104,2023-COMP0104-A7U,COMP0104A7UF-1
2023,COMP0104,COMP0104A7UF,2,Coursework 1 (Individual),6,#002 06% CN01 Coursework 1 (Individual),2023-COMP0104,2023-COMP0104-A7U,COMP0104A7UF-2
2023,COMP0104,COMP0104A7UF,3,Coursework 2 (Group),15,#003 15% GN02 Coursework 2 (Group),2023-COMP0104,2023-COMP0104-A7U,COMP0104A7UF-3
2023,COMP0104,COMP0104A7UF,4,Peer Assessment 1,1,#004 01% CN01 Peer Assessment 1,2023-COMP0104,2023-COMP0104-A7U,COMP0104A7UF-4
2023,COMP0104,COMP0104A7UF,5,Peer Assessment 2,1,#005 01% CN01 Peer Assessment 2,2023-COMP0104,2023-COMP0104-A7U,COMP0104A7UF-5
2023,COMP0104,COMP0104A7UF,6,Peer Assessment 3,1,#006 01% CN01 Peer Assessment 3,2023-COMP0104,2023-COMP0104-A7U,COMP0104A7UF-6
2023,COMP0104,COMP0104A7UF,7,Peer Assessment 4,1,#007 01% CN01 Peer Assessment 4,2023-COMP0104,2023-COMP0104-A7U,COMP0104A7UF-7
2023,COMP0105,COMP0105A7PF,1,Controlled Condition Exam (In Person),70,#001 70% EC05 Controlled Condition Exam (In Person),2023-COMP0105,2023-COMP0105-A7P,COMP0105A7PF-1
2023,COMP0105,COMP0105A7PF,2,Coursework (Group),30,#002 30% GN02 Coursework (Group),2023-COMP0105,2023-COMP0105-A7P,COMP0105A7PF-2
2023,COMP0105,COMP0105A7UF,1,Controlled Condition Exam (In Person),70,#001 70% EC05 Controlled Condition Exam (In Person),2023-COMP0105,2023-COMP0105-A7U,COMP0105A7UF-1
2023,COMP0105,COMP0105A7UF,2,Coursework (Group),30,#002 30% GN02 Coursework (Group),2023-COMP0105,2023-COMP0105-A7U,COMP0105A7UF-2
2023,COMP0108,COMP0108A7PF,1,Coursework 1 (Individual),14,#001 14% CN01 Coursework 1 (Individual),2023-COMP0108,2023-COMP0108-A7P,COMP0108A7PF-1
2023,COMP0108,COMP0108A7PF,2,Coursework 2 (Part 1) (Individual),20,#002 20% CN01 Coursework 2 (Part 1) (Individual),2023-COMP0108,2023-COMP0108-A7P,COMP0108A7PF-2
2023,COMP0108,COMP0108A7PF,3,Coursework 2 (Part 2) (Individual),6,#003 06% CN01 Coursework 2 (Part 2) (Individual),2023-COMP0108,2023-COMP0108-A7P,COMP0108A7PF-3
2023,COMP0108,COMP0108A7PF,4,Coursework 3 (Part 1) (Group with Individual Contribution),20,#004 20% GN02 Coursework 3 (Part 1) (Group with Individual Contribution),2023-COMP0108,2023-COMP0108-A7P,COMP0108A7PF-4
2023,COMP0108,COMP0108A7PF,5,Coursework 3 (Part 2) (Group),10,#005 10% GN02 Coursework 3 (Part 2) (Group),2023-COMP0108,2023-COMP0108-A7P,COMP0108A7PF-5
2023,COMP0108,COMP0108A7PF,6,Coursework 4 (Individual),30,#006 30% CN01 Coursework 4 (Individual),2023-COMP0108,2023-COMP0108-A7P,COMP0108A7PF-6
2023,COMP0110,COMP0110A7PF,1,Project/ Dissertation Report,100,#001 100% RN01 Project/ Dissertation Report,2023-COMP0110,2023-COMP0110-A7P,COMP0110A7PF-1
2023,COMP0111,COMP0111A7PF,1,Project/ Dissertation Report (Group),40,#001 40% GN01 Project/ Dissertation Report (Group),2023-COMP0111,2023-COMP0111-A7P,COMP0111A7PF-1
2023,COMP0111,COMP0111A7PF,2,Project/ Dissertation Report (Individual),40,#002 40% RN01 Project/ Dissertation Report (Individual),2023-COMP0111,2023-COMP0111-A7P,COMP0111A7PF-2
2023,COMP0111,COMP0111A7PF,3,Oral Examination (Individual),20,#003 20% OD01 Oral Examination (Individual),2023-COMP0111,2023-COMP0111-A7P,COMP0111A7PF-3
2023,COMP0113,COMP0113A7PF,1,Project (Group),50,#001 50% GN01 Project (Group),2023-COMP0113,2023-COMP0113-A7P,COMP0113A7PF-1
2023,COMP0113,COMP0113A7PF,2,Presentation (Group),20,#002 20% GN01 Presentation (Group),2023-COMP0113,2023-COMP0113-A7P,COMP0113A7PF-2
2023,COMP0113,COMP0113A7PF,3,Coursework (Individual),30,#003 30% CN01 Coursework (Individual),2023-COMP0113,2023-COMP0113-A7P,COMP0113A7PF-3
2023,COMP0113,COMP0113A7UF,1,Project (Group),50,#001 50% GN01 Project (Group),2023-COMP0113,2023-COMP0113-A7U,COMP0113A7UF-1
2023,COMP0113,COMP0113A7UF,2,Presentation (Group),20,#002 20% GN01 Presentation (Group),2023-COMP0113,2023-COMP0113-A7U,COMP0113A7UF-2
2023,COMP0113,COMP0113A7UF,3,Coursework (Individual),30,#003 30% CN01 Coursework (Individual),2023-COMP0113,2023-COMP0113-A7U,COMP0113A7UF-3
2023,COMP0114,COMP0114A7PF,1,Coursework 1,25,#001 25% CN01 Coursework 1,2023-COMP0114,2023-COMP0114-A7P,COMP0114A7PF-1
2023,COMP0114,COMP0114A7PF,2,Coursework 2,25,#002 25% CN01 Coursework 2,2023-COMP0114,2023-COMP0114-A7P,COMP0114A7PF-2
2023,COMP0114,COMP0114A7PF,3,Coursework 3,50,#003 50% CN01 Coursework 3,2023-COMP0114,2023-COMP0114-A7P,COMP0114A7PF-3
2023,COMP0114,COMP0114A7UF,1,Coursework 1,25,#001 25% CN01 Coursework 1,2023-COMP0114,2023-COMP0114-A7U,COMP0114A7UF-1
2023,COMP0114,COMP0114A7UF,2,Coursework 2,25,#002 25% CN01 Coursework 2,2023-COMP0114,2023-COMP0114-A7U,COMP0114A7UF-2
2023,COMP0114,COMP0114A7UF,3,Coursework 3,50,#003 50% CN01 Coursework 3,2023-COMP0114,2023-COMP0114-A7U,COMP0114A7UF-3
2023,COMP0118,COMP0118A7PF,1,Coursework 1 (Individual),35,#001 35% CN01 Coursework 1 (Individual),2023-COMP0118,2023-COMP0118-A7P,COMP0118A7PF-1
2023,COMP0118,COMP0118A7PF,2,Coursework 2 (Individual),15,#002 15% CN01 Coursework 2 (Individual),2023-COMP0118,2023-COMP0118-A7P,COMP0118A7PF-2
2023,COMP0118,COMP0118A7PF,3,Coursework 3 (Individual),45,#003 45% CN01 Coursework 3 (Individual),2023-COMP0118,2023-COMP0118-A7P,COMP0118A7PF-3
2023,COMP0118,COMP0118A7PF,4,Presentation (Group),5,#004 05% OD02 Presentation (Group),2023-COMP0118,2023-COMP0118-A7P,COMP0118A7PF-4
2023,COMP0118,COMP0118A7UF,1,Coursework 1 (Individual),35,#001 35% CN01 Coursework 1 (Individual),2023-COMP0118,2023-COMP0118-A7U,COMP0118A7UF-1
2023,COMP0118,COMP0118A7UF,2,Coursework 2 (Individual),15,#002 15% CN01 Coursework 2 (Individual),2023-COMP0118,2023-COMP0118-A7U,COMP0118A7UF-2
2023,COMP0118,COMP0118A7UF,3,Coursework 3 (Individual),45,#003 45% CN01 Coursework 3 (Individual),2023-COMP0118,2023-COMP0118-A7U,COMP0118A7UF-3
2023,COMP0118,COMP0118A7UF,4,Presentation (Group),5,#004 05% OD02 Presentation (Group),2023-COMP0118,2023-COMP0118-A7U,COMP0118A7UF-4
2023,COMP0119,COMP0119A7PF,1,Coursework 1 (Individual),30,#001 30% CN01 Coursework 1 (Individual),2023-COMP0119,2023-COMP0119-A7P,COMP0119A7PF-1
2023,COMP0119,COMP0119A7PF,2,Coursework 2 (Individual),30,#002 30% CN01 Coursework 2 (Individual),2023-COMP0119,2023-COMP0119-A7P,COMP0119A7PF-2
2023,COMP0119,COMP0119A7PF,3,Project (Group),40,#003 40% GN01 Project (Group),2023-COMP0119,2023-COMP0119-A7P,COMP0119A7PF-3
2023,COMP0119,COMP0119A7UF,1,Coursework 1 (Individual),30,#001 30% CN01 Coursework 1 (Individual),2023-COMP0119,2023-COMP0119-A7U,COMP0119A7UF-1
2023,COMP0119,COMP0119A7UF,2,Coursework 2 (Individual),30,#002 30% CN01 Coursework 2 (Individual),2023-COMP0119,2023-COMP0119-A7U,COMP0119A7UF-2
2023,COMP0119,COMP0119A7UF,3,Project (Group),40,#003 40% GN01 Project (Group),2023-COMP0119,2023-COMP0119-A7U,COMP0119A7UF-3
2023,COMP0120,COMP0120A7PF,1,Coursework,50,#001 50% CN01 Coursework,2023-COMP0120,2023-COMP0120-A7P,COMP0120A7PF-1
2023,COMP0120,COMP0120A7PF,2,Project Report,50,#002 50% RN01 Project Report,2023-COMP0120,2023-COMP0120-A7P,COMP0120A7PF-2
2023,COMP0121,COMP0121A7PF,1,Coursework 1,30,#001 30% CN01 Coursework 1,2023-COMP0121,2023-COMP0121-A7P,COMP0121A7PF-1
2023,COMP0121,COMP0121A7PF,2,Coursework 2,30,#002 30% CN01 Coursework 2,2023-COMP0121,2023-COMP0121-A7P,COMP0121A7PF-2
2023,COMP0121,COMP0121A7PF,3,Coursework 3,15,#003 15% CN01 Coursework 3,2023-COMP0121,2023-COMP0121-A7P,COMP0121A7PF-3
2023,COMP0121,COMP0121A7PF,4,Coursework 4,25,#004 25% CN01 Coursework 4,2023-COMP0121,2023-COMP0121-A7P,COMP0121A7PF-4
2023,COMP0121,COMP0121A7UF,1,Coursework 1,30,#001 30% CN01 Coursework 1,2023-COMP0121,2023-COMP0121-A7U,COMP0121A7UF-1
2023,COMP0121,COMP0121A7UF,2,Coursework 2,30,#002 30% CN01 Coursework 2,2023-COMP0121,2023-COMP0121-A7U,COMP0121A7UF-2
2023,COMP0121,COMP0121A7UF,3,Coursework 3,15,#003 15% CN01 Coursework 3,2023-COMP0121,2023-COMP0121-A7U,COMP0121A7UF-3
2023,COMP0121,COMP0121A7UF,4,Coursework 4,25,#004 25% CN01 Coursework 4,2023-COMP0121,2023-COMP0121-A7U,COMP0121A7UF-4
2023,COMP0122,COMP0122A7PF,1,Project/ Dissertation Report,100,#001 100% RN01 Project/ Dissertation Report,2023-COMP0122,2023-COMP0122-A7P,COMP0122A7PF-1
2023,COMP0122,COMP0122A7PF,2,Project Presentation,0,#002 00% OD02 Project Presentation,2023-COMP0122,2023-COMP0122-A7P,COMP0122A7PF-2
2023,COMP0123,COMP0123A7PF,1,Coursework 1,30,#001 30% CN01 Coursework 1,2023-COMP0123,2023-COMP0123-A7P,COMP0123A7PF-1
2023,COMP0123,COMP0123A7PF,2,Coursework 2,70,#002 70% CN01 Coursework 2,2023-COMP0123,2023-COMP0123-A7P,COMP0123A7PF-2
2023,COMP0123,COMP0123A7UF,1,Coursework 1,30,#001 30% CN01 Coursework 1,2023-COMP0123,2023-COMP0123-A7U,COMP0123A7UF-1
2023,COMP0123,COMP0123A7UF,2,Coursework 2,70,#002 70% CN01 Coursework 2,2023-COMP0123,2023-COMP0123-A7U,COMP0123A7UF-2
2023,COMP0124,COMP0124A7PF,1,Coursework (Individual),50,#001 50% CN01 Coursework (Individual),2023-COMP0124,2023-COMP0124-A7P,COMP0124A7PF-1
2023,COMP0124,COMP0124A7PF,2,Project (Group),50,#002 50% GN01 Project (Group),2023-COMP0124,2023-COMP0124-A7P,COMP0124A7PF-2
2023,COMP0124,COMP0124A7UF,1,Coursework (Individual),50,#001 50% CN01 Coursework (Individual),2023-COMP0124,2023-COMP0124-A7U,COMP0124A7UF-1
2023,COMP0124,COMP0124A7UF,2,Project (Group),50,#002 50% GN01 Project (Group),2023-COMP0124,2023-COMP0124-A7U,COMP0124A7UF-2
2023,COMP0127,COMP0127A7PF,1,Coursework 1,30,#001 30% CN01 Coursework 1,2023-COMP0127,2023-COMP0127-A7P,COMP0127A7PF-1
2023,COMP0127,COMP0127A7PF,2,Coursework 2,30,#002 30% CN01 Coursework 2,2023-COMP0127,2023-COMP0127-A7P,COMP0127A7PF-2
2023,COMP0127,COMP0127A7PF,3,Coursework 3,40,#003 40% CN01 Coursework 3,2023-COMP0127,2023-COMP0127-A7P,COMP0127A7PF-3
2023,COMP0127,COMP0127A7UF,1,Coursework 1,30,#001 30% CN01 Coursework 1,2023-COMP0127,2023-COMP0127-A7U,COMP0127A7UF-1
2023,COMP0127,COMP0127A7UF,2,Coursework 2,30,#002 30% CN01 Coursework 2,2023-COMP0127,2023-COMP0127-A7U,COMP0127A7UF-2
2023,COMP0127,COMP0127A7UF,3,Coursework 3,40,#003 40% CN01 Coursework 3,2023-COMP0127,2023-COMP0127-A7U,COMP0127A7UF-3
2023,COMP0128,COMP0128A7PF,1,Coursework 1 (Group),50,#001 50% GN02 Coursework 1 (Group),2023-COMP0128,2023-COMP0128-A7P,COMP0128A7PF-1
2023,COMP0128,COMP0128A7PF,2,Coursework 2 (Individual),50,#002 50% CN01 Coursework 2 (Individual),2023-COMP0128,2023-COMP0128-A7P,COMP0128A7PF-2
2023,COMP0129,COMP0129A7PF,1,Coursework 1 (Group),30,#001 30% GN02 Coursework 1 (Group),2023-COMP0129,2023-COMP0129-A7P,COMP0129A7PF-1
2023,COMP0129,COMP0129A7PF,2,Coursework 2 (Group),35,#002 35% GN02 Coursework 2 (Group),2023-COMP0129,2023-COMP0129-A7P,COMP0129A7PF-2
2023,COMP0129,COMP0129A7PF,3,Coursework 3 (Group),35,#003 35% GN02 Coursework 3 (Group),2023-COMP0129,2023-COMP0129-A7P,COMP0129A7PF-3
2023,COMP0130,COMP0130A7PF,1,Coursework 1 (Group),33,#001 33% GN01 Coursework 1 (Group),2023-COMP0130,2023-COMP0130-A7P,COMP0130A7PF-1
2023,COMP0130,COMP0130A7PF,2,Coursework 2 (Group),33,#002 33% GN01 Coursework 2 (Group),2023-COMP0130,2023-COMP0130-A7P,COMP0130A7PF-2
2023,COMP0130,COMP0130A7PF,3,Coursework 3 (Group),34,#003 34% GN01 Coursework 3 (Group),2023-COMP0130,2023-COMP0130-A7P,COMP0130A7PF-3
2023,COMP0132,COMP0132A7PF,1,Project/ Dissertation Report,100,#001 100% RN01 Project/ Dissertation Report,2023-COMP0132,2023-COMP0132-A7P,COMP0132A7PF-1
2023,COMP0133,COMP0133A7PF,1,Controlled Condition Exam (In Person),70,#001 70% EC05 Controlled Condition Exam (In Person),2023-COMP0133,2023-COMP0133-A7P,COMP0133A7PF-1
2023,COMP0133,COMP0133A7PF,2,Coursework 1,15,#002 15% CN01 Coursework 1,2023-COMP0133,2023-COMP0133-A7P,COMP0133A7PF-2
2023,COMP0133,COMP0133A7PF,3,Coursework 2,15,#003 15% CN01 Coursework 2,2023-COMP0133,2023-COMP0133-A7P,COMP0133A7PF-3
2023,COMP0133,COMP0133A7UF,1,Controlled Condition Exam (In Person),70,#001 70% EC05 Controlled Condition Exam (In Person),2023-COMP0133,2023-COMP0133-A7U,COMP0133A7UF-1
2023,COMP0133,COMP0133A7UF,2,Coursework 1,15,#002 15% CN01 Coursework 1,2023-COMP0133,2023-COMP0133-A7U,COMP0133A7UF-2
2023,COMP0133,COMP0133A7UF,3,Coursework 2,15,#003 15% CN01 Coursework 2,2023-COMP0133,2023-COMP0133-A7U,COMP0133A7UF-3
2023,COMP0135,COMP0135A7PF,1,Coursework,100,#001 100% CN01 Coursework,2023-COMP0135,2023-COMP0135-A7P,COMP0135A7PF-1
2023,COMP0137,COMP0137A7PF,1,Controlled Condition Exam (remote-online),80,#001 80% EC03 Controlled Condition Exam (remote-online),2023-COMP0137,2023-COMP0137-A7P,COMP0137A7PF-1
2023,COMP0137,COMP0137A7PF,2,Coursework 1,10,#002 10% CN01 Coursework 1,2023-COMP0137,2023-COMP0137-A7P,COMP0137A7PF-2
2023,COMP0137,COMP0137A7PF,3,Coursework 2,10,#003 10% CN01 Coursework 2,2023-COMP0137,2023-COMP0137-A7P,COMP0137A7PF-3
2023,COMP0137,COMP0137A7UF,1,Controlled Condition Exam (remote-online),80,#001 80% EC03 Controlled Condition Exam (remote-online),2023-COMP0137,2023-COMP0137-A7U,COMP0137A7UF-1
2023,COMP0137,COMP0137A7UF,2,Coursework 1,10,#002 10% CN01 Coursework 1,2023-COMP0137,2023-COMP0137-A7U,COMP0137A7UF-2
2023,COMP0137,COMP0137A7UF,3,Coursework 2,10,#003 10% CN01 Coursework 2,2023-COMP0137,2023-COMP0137-A7U,COMP0137A7UF-3
2023,COMP0138,COMP0138A7UF,1,Project/ Dissertation Report,100,#001 100% RN01 Project/ Dissertation Report,2023-COMP0138,2023-COMP0138-A7U,COMP0138A7UF-1
2023,COMP0141,COMP0141A5UF,1,Controlled Condition Exam (In Person),100,#001 100% EC05 Controlled Condition Exam (In Person),2023-COMP0141,2023-COMP0141-A5U,COMP0141A5UF-1
2023,COMP0142,COMP0142A6UF,1,Controlled Condition Exam (In Person),60,#001 60% EC05 Controlled Condition Exam (In Person),2023-COMP0142,2023-COMP0142-A6U,COMP0142A6UF-1
2023,COMP0142,COMP0142A6UF,2,Coursework 1 (Group),20,#002 20% GN02 Coursework 1 (Group),2023-COMP0142,2023-COMP0142-A6U,COMP0142A6UF-2
2023,COMP0142,COMP0142A6UF,3,Coursework 2 (Group),20,#003 20% GN02 Coursework 2 (Group),2023-COMP0142,2023-COMP0142-A6U,COMP0142A6UF-3
2023,COMP0142,COMP0142A7PF,1,Controlled Condition Exam (In Person),60,#001 60% EC05 Controlled Condition Exam (In Person),2023-COMP0142,2023-COMP0142-A7P,COMP0142A7PF-1
2023,COMP0142,COMP0142A7PF,2,Coursework 1 (Group),20,#002 20% GN02 Coursework 1 (Group),2023-COMP0142,2023-COMP0142-A7P,COMP0142A7PF-2
2023,COMP0142,COMP0142A7PF,3,Coursework 2 (Group),20,#003 20% GN02 Coursework 2 (Group),2023-COMP0142,2023-COMP0142-A7P,COMP0142A7PF-3
2023,COMP0143,COMP0143A7PF,1,Controlled Condition Exam (In Person),60,#001 60% EC05 Controlled Condition Exam (In Person),2023-COMP0143,2023-COMP0143-A7P,COMP0143A7PF-1
2023,COMP0143,COMP0143A7PF,2,Coursework,40,#002 40% CN01 Coursework,2023-COMP0143,2023-COMP0143-A7P,COMP0143A7PF-2
2023,COMP0143,COMP0143A7UF,1,Controlled Condition Exam (In Person),60,#001 60% EC05 Controlled Condition Exam (In Person),2023-COMP0143,2023-COMP0143-A7U,COMP0143A7UF-1
2023,COMP0143,COMP0143A7UF,2,Coursework,40,#002 40% CN01 Coursework,2023-COMP0143,2023-COMP0143-A7U,COMP0143A7UF-2
2023,COMP0145,COMP0145A7PF,1,Portfolio,100,#001 100% CN01 Portfolio,2023-COMP0145,2023-COMP0145-A7P,COMP0145A7PF-1
2023,COMP0145,COMP0145A7PF,1,Portfolio,100,#001 100% CN01 Portfolio,2023-COMP0145,2023-COMP0145-F7P,COMP0145A7PF-1
2023,COMP0146,COMP0146A7PF,1,Report,100,#001 100% RN01 Report,2023-COMP0146,2023-COMP0146-A7P,COMP0146A7PF-1
2023,COMP0147,COMP0147A4UF,1,Controlled Condition Exam (In Person),90,#001 90% EC05 Controlled Condition Exam (In Person),2023-COMP0147,2023-COMP0147-A4U,COMP0147A4UF-1
2023,COMP0147,COMP0147A4UF,2,Test 1,5,#002 05% TD01 Test 1,2023-COMP0147,2023-COMP0147-A4U,COMP0147A4UF-2
2023,COMP0147,COMP0147A4UF,3,Test 2,5,#003 05% TD01 Test 2,2023-COMP0147,2023-COMP0147-A4U,COMP0147A4UF-3
2023,COMP0153,COMP0153A7PF,1,Portfolio,100,#001 100% CN01 Portfolio,2023-COMP0153,2023-COMP0153-A7P,COMP0153A7PF-1
2023,COMP0153,COMP0153A7UF,1,Portfolio,80,#001 80% CN01 Portfolio,2023-COMP0153,2023-COMP0153-A7U,COMP0153A7UF-1
2023,COMP0153,COMP0153A7UF,2,Presentation,20,#002 20% CN01 Presentation,2023-COMP0153,2023-COMP0153-A7U,COMP0153A7UF-2
2023,COMP0153,COMP0153F7PF,1,Portfolio,100,#001 100% CN01 Portfolio,2023-COMP0153,2023-COMP0153-F7P,COMP0153F7PF-1
2023,COMP0154,COMP0154A7PF,1,Report (Individual),80,#001 80% RN01 Report (Individual),2023-COMP0154,2023-COMP0154-A7P,COMP0154A7PF-1
2023,COMP0154,COMP0154A7PF,2,Presentation (Group),20,#002 20% GN02 Presentation (Group),2023-COMP0154,2023-COMP0154-A7P,COMP0154A7PF-2
2023,COMP0154,COMP0154F7PF,1,Report (Individual),80,#001 80% RN01 Report (Individual),2023-COMP0154,2023-COMP0154-F7P,COMP0154F7PF-1
2023,COMP0154,COMP0154F7PF,2,Presentation (Group),20,#002 20% GN02 Presentation (Group),2023-COMP0154,2023-COMP0154-F7P,COMP0154F7PF-2
2023,COMP0157,COMP0157A6UF,1,Controlled Condition Exam (In Person),100,#001 100% EC05 Controlled Condition Exam (In Person),2023-COMP0157,2023-COMP0157-A6U,COMP0157A6UF-1
2023,COMP0158,COMP0158A7PF,1,Project/Dissertation Report,100,#001 100% RN01 Project/Dissertation Report,2023-COMP0158,2023-COMP0158-A7P,COMP0158A7PF-1
2023,COMP0159,COMP0159A7PF,1,Project/Dissertation Report,100,#001 100% RN01 Project/Dissertation Report,2023-COMP0159,2023-COMP0159-A7P,COMP0159A7PF-1
2023,COMP0159,COMP0159A7PF,1,Project/Dissertation Report,100,#001 100% RN01 Project/Dissertation Report,2023-COMP0159,2023-COMP0159-F7P,COMP0159A7PF-1
2023,COMP0160,COMP0160A7PF,1,Controlled Condition Exam (In Person),70,#001 70% EC05 Controlled Condition Exam (In Person),2023-COMP0160,2023-COMP0160-A7P,COMP0160A7PF-1
2023,COMP0160,COMP0160A7PF,2,Coursework,30,#002 30% CN01 Coursework,2023-COMP0160,2023-COMP0160-A7P,COMP0160A7PF-2
2023,COMP0160,COMP0160A7UF,1,Controlled Condition Exam (In Person),70,#001 70% EC05 Controlled Condition Exam (In Person),2023-COMP0160,2023-COMP0160-A7U,COMP0160A7UF-1
2023,COMP0160,COMP0160A7UF,2,Coursework,30,#002 30% CN01 Coursework,2023-COMP0160,2023-COMP0160-A7U,COMP0160A7UF-2
2023,COMP0161,COMP0161A7PF,1,Controlled Condition Exam (In Person),100,#001 100% EC05 Controlled Condition Exam (In Person),2023-COMP0161,2023-COMP0161-A7P,COMP0161A7PF-1
2023,COMP0161,COMP0161A7UF,1,Controlled Condition Exam (In Person),100,#001 100% EC05 Controlled Condition Exam (In Person),2023-COMP0161,2023-COMP0161-A7U,COMP0161A7UF-1
2023,COMP0162,COMP0162A7PF,1,Report,100,#001 100% CN01 Report,2023-COMP0162,2023-COMP0162-A7P,COMP0162A7PF-1
2023,COMP0163,COMP0163A7PF,1,Coursework 1 (Individual),30,#001 30% CN01 Coursework 1 (Individual),2023-COMP0163,2023-COMP0163-A7P,COMP0163A7PF-1
2023,COMP0163,COMP0163A7PF,2,Coursework 2 (Group),70,#002 70% GN02 Coursework 2 (Group),2023-COMP0163,2023-COMP0163-A7P,COMP0163A7PF-2
2023,COMP0164,COMP0164A7PF,1,Coursework,70,#001 70% CN01 Coursework,2023-COMP0164,2023-COMP0164-A7P,COMP0164A7PF-1
2023,COMP0164,COMP0164A7PF,2,Take Home Paper (72 Hours),30,#002 30% HD04 Take Home Paper (72 Hours),2023-COMP0164,2023-COMP0164-A7P,COMP0164A7PF-2
2023,COMP0165,COMP0165A7PF,1,Test,20,#001 20% TD01 Test,2023-COMP0165,2023-COMP0165-A7P,COMP0165A7PF-1
2023,COMP0165,COMP0165A7PF,2,Report,45,#002 45% CN01 Report,2023-COMP0165,2023-COMP0165-A7P,COMP0165A7PF-2
2023,COMP0165,COMP0165A7PF,3,Presentation,35,#003 35% CN01 Presentation,2023-COMP0165,2023-COMP0165-A7P,COMP0165A7PF-3
2023,COMP0167,COMP0167A7PF,1,Coursework (Group),80,#001 80% GN02 Coursework (Group),2023-COMP0167,2023-COMP0167-A7P,COMP0167A7PF-1
2023,COMP0167,COMP0167A7PF,2,Test,20,#002 20% TD01 Test,2023-COMP0167,2023-COMP0167-A7P,COMP0167A7PF-2
2023,COMP0168,COMP0168A7PF,1,Test 1,5,#001 05% TD01 Test 1,2023-COMP0168,2023-COMP0168-A7P,COMP0168A7PF-1
2023,COMP0168,COMP0168A7PF,2,Test 2,5,#002 05% TD01 Test 2,2023-COMP0168,2023-COMP0168-A7P,COMP0168A7PF-2
2023,COMP0168,COMP0168A7PF,3,Test 3,5,#003 05% TD01 Test 3,2023-COMP0168,2023-COMP0168-A7P,COMP0168A7PF-3
2023,COMP0168,COMP0168A7PF,4,Test 4,5,#004 05% TD01 Test 4,2023-COMP0168,2023-COMP0168-A7P,COMP0168A7PF-4
2023,COMP0168,COMP0168A7PF,5,Test 5,5,#005 05% TD01 Test 5,2023-COMP0168,2023-COMP0168-A7P,COMP0168A7PF-5
2023,COMP0168,COMP0168A7PF,6,Presentation (Group),35,#006 35% GN02 Presentation (Group),2023-COMP0168,2023-COMP0168-A7P,COMP0168A7PF-6
2023,COMP0168,COMP0168A7PF,7,Coursework (Individual),40,#007 40% CN01 Coursework (Individual),2023-COMP0168,2023-COMP0168-A7P,COMP0168A7PF-7
2023,COMP0169,COMP0169A6UF,1,Coursework,50,#001 50% CN01 Coursework,2023-COMP0169,2023-COMP0169-A6U,COMP0169A6UF-1
2023,COMP0169,COMP0169A6UF,2,Oral Exam,50,#002 50% OD01 Oral Exam,2023-COMP0169,2023-COMP0169-A6U,COMP0169A6UF-2
2023,COMP0169,COMP0169A7PF,1,Coursework,50,#001 50% CN01 Coursework,2023-COMP0169,2023-COMP0169-A7P,COMP0169A7PF-1
2023,COMP0169,COMP0169A7PF,2,Oral Exam,50,#002 50% OD01 Oral Exam,2023-COMP0169,2023-COMP0169-A7P,COMP0169A7PF-2
2023,COMP0171,COMP0171A7PF,1,Controlled Condition Exam (In Person),50,#001 50% EC05 Controlled Condition Exam (In Person),2023-COMP0171,2023-COMP0171-A7P,COMP0171A7PF-1
2023,COMP0171,COMP0171A7PF,2,Coursework 1,25,#002 25% CN01 Coursework 1,2023-COMP0171,2023-COMP0171-A7P,COMP0171A7PF-2
2023,COMP0171,COMP0171A7PF,3,Coursework 2,25,#003 25% CN01 Coursework 2,2023-COMP0171,2023-COMP0171-A7P,COMP0171A7PF-3
2023,COMP0172,COMP0172A7PF,1,Coursework 1,60,#001 60% CN01 Coursework 1,2023-COMP0172,2023-COMP0172-A7P,COMP0172A7PF-1
2023,COMP0172,COMP0172A7PF,2,Coursework 2,40,#002 40% CN01 Coursework 2,2023-COMP0172,2023-COMP0172-A7P,COMP0172A7PF-2
2023,COMP0172,COMP0172A7UF,1,Coursework 1,60,#001 60% CN01 Coursework 1,2023-COMP0172,2023-COMP0172-A7U,COMP0172A7UF-1
2023,COMP0172,COMP0172A7UF,2,Coursework 2,40,#002 40% CN01 Coursework 2,2023-COMP0172,2023-COMP0172-A7U,COMP0172A7UF-2
2023,COMP0173,COMP0173A7PF,1,Coursework 1,50,#001 50% CN01 Coursework 1,2023-COMP0173,2023-COMP0173-A7P,COMP0173A7PF-1
2023,COMP0173,COMP0173A7PF,2,Coursework 2,50,#002 50% CN01 Coursework 2,2023-COMP0173,2023-COMP0173-A7P,COMP0173A7PF-2
2023,COMP0173,COMP0173A7UF,1,Coursework 1,50,#001 50% CN01 Coursework 1,2023-COMP0173,2023-COMP0173-A7U,COMP0173A7UF-1
2023,COMP0173,COMP0173A7UF,2,Coursework 2,50,#002 50% CN01 Coursework 2,2023-COMP0173,2023-COMP0173-A7U,COMP0173A7UF-2
2023,COMP0174,COMP0174A7PF,1,Coursework 1 (Group),50,#001 50% GN02 Coursework 1 (Group),2023-COMP0174,2023-COMP0174-A7P,COMP0174A7PF-1
2023,COMP0174,COMP0174A7PF,2,Coursework 2 (Individual),50,#002 50% CN01 Coursework 2 (Individual),2023-COMP0174,2023-COMP0174-A7P,COMP0174A7PF-2
2023,COMP0174,COMP0174A7UF,1,Coursework 1 (Group),50,#001 50% GN02 Coursework 1 (Group),2023-COMP0174,2023-COMP0174-A7U,COMP0174A7UF-1
2023,COMP0174,COMP0174A7UF,2,Coursework 2 (Individual),50,#002 50% CN01 Coursework 2 (Individual),2023-COMP0174,2023-COMP0174-A7U,COMP0174A7UF-2
2023,COMP0175,COMP0175A7PF,1,Controlled Condition Exam (In Person),50,#001 50% EC05 Controlled Condition Exam (In Person),2023-COMP0175,2023-COMP0175-A7P,COMP0175A7PF-1
2023,COMP0175,COMP0175A7PF,2,Coursework 1,25,#002 25% CN01 Coursework 1,2023-COMP0175,2023-COMP0175-A7P,COMP0175A7PF-2
2023,COMP0175,COMP0175A7PF,3,Coursework 2,25,#003 25% CN01 Coursework 2,2023-COMP0175,2023-COMP0175-A7P,COMP0175A7PF-3
2023,COMP0176,COMP0176A7PF,1,Project/ Dissertation Report,100,#001 100% RN01 Project/ Dissertation Report,2023-COMP0176,2023-COMP0176-A7P,COMP0176A7PF-1
2023,COMP0177,COMP0177A7PF,1,Project/ Dissertation Report,100,#001 100% RN01 Project/ Dissertation Report,2023-COMP0177,2023-COMP0177-A7P,COMP0177A7PF-1
2023,COMP0178,COMP0178A7PF,1,Controlled Condition Exam (In Person),50,#001 50% EC05 Controlled Condition Exam (In Person),2023-COMP0178,2023-COMP0178-A7P,COMP0178A7PF-1
2023,COMP0178,COMP0178A7PF,2,Group Project with Peer Assessment,50,#002 50% GN01 Group Project with Peer Assessment,2023-COMP0178,2023-COMP0178-A7P,COMP0178A7PF-2
2023,COMP0181,COMP0181A7PF,1,Controlled Condition Exam (In Person),50,#001 50% EC05 Controlled Condition Exam (In Person),2023-COMP0181,2023-COMP0181-A7P,COMP0181A7PF-1
2023,COMP0181,COMP0181A7PF,1,Controlled Condition Exam (In Person),50,#001 50% EC05 Controlled Condition Exam (In Person),2023-COMP0181,2023-COMP0181-F7P,COMP0181A7PF-1
2023,COMP0181,COMP0181A7PF,2,Report,40,#002 40% RN01 Report,2023-COMP0181,2023-COMP0181-A7P,COMP0181A7PF-2
2023,COMP0181,COMP0181A7PF,2,Report,40,#002 40% RN01 Report,2023-COMP0181,2023-COMP0181-F7P,COMP0181A7PF-2
2023,COMP0181,COMP0181A7PF,3,Oral Presentation,10,#003 10% OD02 Oral Presentation,2023-COMP0181,2023-COMP0181-A7P,COMP0181A7PF-3
2023,COMP0181,COMP0181A7PF,3,Oral Presentation,10,#003 10% OD02 Oral Presentation,2023-COMP0181,2023-COMP0181-F7P,COMP0181A7PF-3
2023,COMP0182,COMP0182A7PF,1,Controlled Condition Exam (In Person),50,#001 50% EC05 Controlled Condition Exam (In Person),2023-COMP0182,2023-COMP0182-A7P,COMP0182A7PF-1
2023,COMP0182,COMP0182A7PF,1,Controlled Condition Exam (In Person),50,#001 50% EC05 Controlled Condition Exam (In Person),2023-COMP0182,2023-COMP0182-F7P,COMP0182A7PF-1
2023,COMP0182,COMP0182A7PF,2,Report,40,#002 40% RN01 Report,2023-COMP0182,2023-COMP0182-A7P,COMP0182A7PF-2
2023,COMP0182,COMP0182A7PF,2,Report,40,#002 40% RN01 Report,2023-COMP0182,2023-COMP0182-F7P,COMP0182A7PF-2
2023,COMP0182,COMP0182A7PF,3,Oral Presentation,10,#003 10% OD02 Oral Presentation,2023-COMP0182,2023-COMP0182-A7P,COMP0182A7PF-3
2023,COMP0182,COMP0182A7PF,3,Oral Presentation,10,#003 10% OD02 Oral Presentation,2023-COMP0182,2023-COMP0182-F7P,COMP0182A7PF-3
2023,COMP0183,COMP0183A7PF,1,Interative Journal,30,#001 30% CN01 Interative Journal,2023-COMP0183,2023-COMP0183-A7P,COMP0183A7PF-1
2023,COMP0183,COMP0183A7PF,1,Interative Journal,30,#001 30% CN01 Interative Journal,2023-COMP0183,2023-COMP0183-F7P,COMP0183A7PF-1
2023,COMP0183,COMP0183A7PF,2,Report,40,#002 40% RN01 Report,2023-COMP0183,2023-COMP0183-A7P,COMP0183A7PF-2
2023,COMP0183,COMP0183A7PF,2,Report,40,#002 40% RN01 Report,2023-COMP0183,2023-COMP0183-F7P,COMP0183A7PF-2
2023,COMP0183,COMP0183A7PF,3,Oral Presentation,30,#003 30% OD02 Oral Presentation,2023-COMP0183,2023-COMP0183-A7P,COMP0183A7PF-3
2023,COMP0183,COMP0183A7PF,3,Oral Presentation,30,#003 30% OD02 Oral Presentation,2023-COMP0183,2023-COMP0183-F7P,COMP0183A7PF-3
2023,COMP0184,COMP0184A7PF,1,Coursework,70,#001 70% CN01 Coursework,2023-COMP0184,2023-COMP0184-F7P,COMP0184A7PF-1
2023,COMP0184,COMP0184A7PF,1,Coursework,70,#001 70% CN01 Coursework,2023-COMP0184,2023-COMP0184-A7P,COMP0184A7PF-1
2023,COMP0184,COMP0184A7PF,2,Oral Presentation,30,#002 30% OD02 Oral Presentation,2023-COMP0184,2023-COMP0184-A7P,COMP0184A7PF-2
2023,COMP0184,COMP0184A7PF,2,Oral Presentation,30,#002 30% OD02 Oral Presentation,2023-COMP0184,2023-COMP0184-F7P,COMP0184A7PF-2
2023,COMP0185,COMP0185A7PF,1,Project/ Dissertation Report,90,#001 90% RN01 Project/ Dissertation Report,2023-COMP0185,2023-COMP0185-A7P,COMP0185A7PF-1
2023,COMP0185,COMP0185A7PF,2,Oral Presentation,10,#002 10% OD02 Oral Presentation,2023-COMP0185,2023-COMP0185-A7P,COMP0185A7PF-2
2023,COMP0186,COMP0186A7PF,1,Controlled Condition Exam (In Person),60,#001 60% EC05 Controlled Condition Exam (In Person),2023-COMP0186,2023-COMP0186-A7P,COMP0186A7PF-1
2023,COMP0186,COMP0186A7PF,2,Coursework,40,#002 40% CN01 Coursework,2023-COMP0186,2023-COMP0186-A7P,COMP0186A7PF-2
2023,COMP0186,COMP0186A7UF,1,Controlled Condition Exam (In Person),60,#001 60% EC05 Controlled Condition Exam (In Person),2023-COMP0186,2023-COMP0186-A7U,COMP0186A7UF-1
2023,COMP0186,COMP0186A7UF,2,Coursework,40,#002 40% CN01 Coursework,2023-COMP0186,2023-COMP0186-A7U,COMP0186A7UF-2
2023,COMP0187,COMP0187A7PF,1,Controlled Condition Exam (In Person),60,#001 60% EC05 Controlled Condition Exam (In Person),2023-COMP0187,2023-COMP0187-A7P,COMP0187A7PF-1
2023,COMP0187,COMP0187A7PF,2,Test (In Person),40,#002 40% TD01 Test (In Person),2023-COMP0187,2023-COMP0187-A7P,COMP0187A7PF-2
2023,COMP0188,COMP0188A7PF,1,Coursework 1,30,#001 30% CN01 Coursework 1,2023-COMP0188,2023-COMP0188-A7P,COMP0188A7PF-1
2023,COMP0188,COMP0188A7PF,2,Coursework 2,70,#002 70% CN01 Coursework 2,2023-COMP0188,2023-COMP0188-A7P,COMP0188A7PF-2
2023,COMP0188,COMP0188A7UF,1,Coursework 1,30,#001 30% CN01 Coursework 1,2023-COMP0188,2023-COMP0188-A7U,COMP0188A7UF-1
2023,COMP0188,COMP0188A7UF,2,Coursework 2,70,#002 70% CN01 Coursework 2,2023-COMP0188,2023-COMP0188-A7U,COMP0188A7UF-2
2023,COMP0189,COMP0189A7PF,1,Coursework 1,50,#001 50% CN01 Coursework 1,2023-COMP0189,2023-COMP0189-A7P,COMP0189A7PF-1
2023,COMP0189,COMP0189A7PF,2,Coursework 2,50,#002 50% CN01 Coursework 2,2023-COMP0189,2023-COMP0189-A7P,COMP0189A7PF-2
2023,COMP0190,COMP0190A7PF,1,Coursework 1,50,#001 50% CN01 Coursework 1,2023-COMP0190,2023-COMP0190-A7P,COMP0190A7PF-1
2023,COMP0190,COMP0190A7PF,2,Coursework 2,50,#002 50% CN01 Coursework 2,2023-COMP0190,2023-COMP0190-A7P,COMP0190A7PF-2
2023,COMP0191,COMP0191A7PF,1,Project/ Dissertation Report,100,#001 100% RN01 Project/ Dissertation Report,2023-COMP0191,2023-COMP0191-A7P,COMP0191A7PF-1
2023,COMP0192,COMP0192A7PF,1,Project/ Dissertation Report,100,#001 100% RN01 Project/ Dissertation Report,2023-COMP0192,2023-COMP0192-A7P,COMP0192A7PF-1
2023,COMP0193,COMP0193A7PF,1,Coursework 1,60,#001 60% CN01 Coursework 1,2023-COMP0193,2023-COMP0193-A7P,COMP0193A7PF-1
2023,COMP0193,COMP0193A7PF,2,Coursework 2,40,#002 40% CN01 Coursework 2,2023-COMP0193,2023-COMP0193-A7P,COMP0193A7PF-2
2023,COMP0194,COMP0194A7PF,1,Coursework 1,60,#001 60% CN01 Coursework 1,2023-COMP0194,2023-COMP0194-A7P,COMP0194A7PF-1
2023,COMP0194,COMP0194A7PF,2,Coursework 2,40,#002 40% CN01 Coursework 2,2023-COMP0194,2023-COMP0194-A7P,COMP0194A7PF-2
2023,COMP0195,COMP0195A7PF,1,Coursework 1,50,#001 50% CN01 Coursework 1,2023-COMP0195,2023-COMP0195-A7P,COMP0195A7PF-1
2023,COMP0195,COMP0195A7PF,2,Coursework 2,50,#002 50% CN01 Coursework 2,2023-COMP0195,2023-COMP0195-A7P,COMP0195A7PF-2
2023,COMP0195,COMP0195A7UF,1,Coursework 1,50,#001 50% CN01 Coursework 1,2023-COMP0195,2023-COMP0195-A7U,COMP0195A7UF-1
2023,COMP0195,COMP0195A7UF,2,Coursework 2,50,#002 50% CN01 Coursework 2,2023-COMP0195,2023-COMP0195-A7U,COMP0195A7UF-2
2023,COMP0196,COMP0196A7PF,1,Controlled Condition Exam (In Person),100,#001 100% EC05 Controlled Condition Exam (In Person),2023-COMP0196,2023-COMP0196-A7P,COMP0196A7PF-1
2023,COMP0196,COMP0196A7UF,1,Controlled Condition Exam (In Person),100,#001 100% EC05 Controlled Condition Exam (In Person),2023-COMP0196,2023-COMP0196-A7U,COMP0196A7UF-1
2023,COMP0197,COMP0197A7PF,1,Coursework (Individual),50,#001 50% CN01 Coursework (Individual),2023-COMP0197,2023-COMP0197-A7P,COMP0197A7PF-1
2023,COMP0197,COMP0197A7PF,2,Project (Group),25,#002 25% GN02 Project (Group),2023-COMP0197,2023-COMP0197-A7P,COMP0197A7PF-2
2023,COMP0197,COMP0197A7PF,3,Report (Individual),25,#003 25% CN01 Report (Individual),2023-COMP0197,2023-COMP0197-A7P,COMP0197A7PF-3
2023,COMP0197,COMP0197A7UF,1,Coursework (Individual),50,#001 50% CN01 Coursework (Individual),2023-COMP0197,2023-COMP0197-A7U,COMP0197A7UF-1
2023,COMP0197,COMP0197A7UF,2,Project (Group),25,#002 25% GN02 Project (Group),2023-COMP0197,2023-COMP0197-A7U,COMP0197A7UF-2
2023,COMP0197,COMP0197A7UF,3,Report (Individual),25,#003 25% CN01 Report (Individual),2023-COMP0197,2023-COMP0197-A7U,COMP0197A7UF-3
2023,COMP0198,COMP0198A7PF,1,Coursework,80,#001 80% CN01 Coursework,2023-COMP0198,2023-COMP0198-A7P,COMP0198A7PF-1
2023,COMP0198,COMP0198A7PF,2,Test (In Person),20,#002 20% TD01 Test (In Person),2023-COMP0198,2023-COMP0198-A7P,COMP0198A7PF-2
2023,COMP0199,COMP0199A5UF,1,Controlled Condition Exam (In Person),80,#001 80% EC05 Controlled Condition Exam (In Person),2023-COMP0199,2023-COMP0199-A5U,COMP0199A5UF-1
2023,COMP0199,COMP0199A5UF,2,Test 1,10,#002 10% TD01 Test 1,2023-COMP0199,2023-COMP0199-A5U,COMP0199A5UF-2
2023,COMP0199,COMP0199A5UF,3,Test 2,10,#003 10% TD01 Test 2,2023-COMP0199,2023-COMP0199-A5U,COMP0199A5UF-3
2023,COMP0200,COMP0200A7PF,1,Coursework 1 (Group),70,#001 70% GN02 Coursework 1 (Group),2023-COMP0200,2023-COMP0200-A7P,COMP0200A7PF-1
2023,COMP0200,COMP0200A7PF,2,Coursework 2 (Individual),30,#002 30% CN01 Coursework 2 (Individual),2023-COMP0200,2023-COMP0200-A7P,COMP0200A7PF-2
2023,COMP0201,COMP0201A7PF,1,Coursework,100,#001 100% CN01 Coursework,2023-COMP0201,2023-COMP0201-A7P,COMP0201A7PF-1
2023,COMP0202,COMP0202A4UF,1,Mathematical Exercise 1,10,#001 10% PD01 Mathematical Exercise 1,2023-COMP0202,2023-COMP0202-A4U,COMP0202A4UF-1
2023,COMP0202,COMP0202A4UF,1,Mathematical Exercise 1,10,#001 10% PD01 Mathematical Exercise 1,2023-COMP0202,2023-COMP0202-F4U,COMP0202A4UF-1
2023,COMP0202,COMP0202A4UF,2,Mathematical Exercise 2,10,#002 10% PD01 Mathematical Exercise 2,2023-COMP0202,2023-COMP0202-A4U,COMP0202A4UF-2
2023,COMP0202,COMP0202A4UF,2,Mathematical Exercise 2,10,#002 10% PD01 Mathematical Exercise 2,2023-COMP0202,2023-COMP0202-F4U,COMP0202A4UF-2
2023,COMP0202,COMP0202A4UF,3,Mathematical Exercise 3,10,#003 10% PD01 Mathematical Exercise 3,2023-COMP0202,2023-COMP0202-A4U,COMP0202A4UF-3
2023,COMP0202,COMP0202A4UF,3,Mathematical Exercise 3,10,#003 10% PD01 Mathematical Exercise 3,2023-COMP0202,2023-COMP0202-F4U,COMP0202A4UF-3
2023,COMP0202,COMP0202A4UF,4,Mathematical Exercise 4,10,#004 10% PD01 Mathematical Exercise 4,2023-COMP0202,2023-COMP0202-A4U,COMP0202A4UF-4
2023,COMP0202,COMP0202A4UF,4,Mathematical Exercise 4,10,#004 10% PD01 Mathematical Exercise 4,2023-COMP0202,2023-COMP0202-F4U,COMP0202A4UF-4
2023,COMP0202,COMP0202A4UF,5,Test (In Person),60,#005 60% TD01 Test (In Person),2023-COMP0202,2023-COMP0202-A4U,COMP0202A4UF-5
2023,COMP0202,COMP0202A4UF,5,Test (In Person),60,#005 60% TD01 Test (In Person),2023-COMP0202,2023-COMP0202-F4U,COMP0202A4UF-5
2023,COMP0203,COMP0203A4UF,1,Mathematical Exercise 1,15,#001 15% PD01 Mathematical Exercise 1,2023-COMP0203,2023-COMP0203-A4U,COMP0203A4UF-1
2023,COMP0203,COMP0203A4UF,1,Mathematical Exercise 1,15,#001 15% PD01 Mathematical Exercise 1,2023-COMP0203,2023-COMP0203-F4U,COMP0203A4UF-1
2023,COMP0203,COMP0203A4UF,2,Mathematical Exercise 2,15,#002 15% PD01 Mathematical Exercise 2,2023-COMP0203,2023-COMP0203-A4U,COMP0203A4UF-2
2023,COMP0203,COMP0203A4UF,2,Mathematical Exercise 2,15,#002 15% PD01 Mathematical Exercise 2,2023-COMP0203,2023-COMP0203-F4U,COMP0203A4UF-2
2023,COMP0203,COMP0203A4UF,3,Mathematical Exercise 3,20,#003 20% PD01 Mathematical Exercise 3,2023-COMP0203,2023-COMP0203-A4U,COMP0203A4UF-3
2023,COMP0203,COMP0203A4UF,3,Mathematical Exercise 3,20,#003 20% PD01 Mathematical Exercise 3,2023-COMP0203,2023-COMP0203-F4U,COMP0203A4UF-3
2023,COMP0203,COMP0203A4UF,4,Coursework,50,#004 50% CN01 Coursework,2023-COMP0203,2023-COMP0203-F4U,COMP0203A4UF-4
2023,COMP0203,COMP0203A4UF,4,Coursework,50,#004 50% CN01 Coursework,2023-COMP0203,2023-COMP0203-A4U,COMP0203A4UF-4
2023,COMP0204,COMP0204A4UF,1,Programming Exercise 1,12,#001 12% PD01 Programming Exercise 1,2023-COMP0204,2023-COMP0204-A4U,COMP0204A4UF-1
2023,COMP0204,COMP0204A4UF,1,Programming Exercise 1,12,#001 12% PD01 Programming Exercise 1,2023-COMP0204,2023-COMP0204-F4U,COMP0204A4UF-1
2023,COMP0204,COMP0204A4UF,2,Programming Exercise 2,12,#002 12% PD01 Programming Exercise 2,2023-COMP0204,2023-COMP0204-A4U,COMP0204A4UF-2
2023,COMP0204,COMP0204A4UF,2,Programming Exercise 2,12,#002 12% PD01 Programming Exercise 2,2023-COMP0204,2023-COMP0204-F4U,COMP0204A4UF-2
2023,COMP0204,COMP0204A4UF,3,Programming Exercise 3,12,#003 12% PD01 Programming Exercise 3,2023-COMP0204,2023-COMP0204-A4U,COMP0204A4UF-3
2023,COMP0204,COMP0204A4UF,3,Programming Exercise 3,12,#003 12% PD01 Programming Exercise 3,2023-COMP0204,2023-COMP0204-F4U,COMP0204A4UF-3
2023,COMP0204,COMP0204A4UF,4,Programming Exercise 4,12,#004 12% PD01 Programming Exercise 4,2023-COMP0204,2023-COMP0204-A4U,COMP0204A4UF-4
2023,COMP0204,COMP0204A4UF,4,Programming Exercise 4,12,#004 12% PD01 Programming Exercise 4,2023-COMP0204,2023-COMP0204-F4U,COMP0204A4UF-4
2023,COMP0204,COMP0204A4UF,5,Programming Exercise 5,12,#005 12% PD01 Programming Exercise 5,2023-COMP0204,2023-COMP0204-A4U,COMP0204A4UF-5
2023,COMP0204,COMP0204A4UF,5,Programming Exercise 5,12,#005 12% PD01 Programming Exercise 5,2023-COMP0204,2023-COMP0204-F4U,COMP0204A4UF-5
2023,COMP0204,COMP0204A4UF,6,Programming Exercise 6,20,#006 20% PD01 Programming Exercise 6,2023-COMP0204,2023-COMP0204-A4U,COMP0204A4UF-6
2023,COMP0204,COMP0204A4UF,6,Programming Exercise 6,20,#006 20% PD01 Programming Exercise 6,2023-COMP0204,2023-COMP0204-F4U,COMP0204A4UF-6
2023,COMP0204,COMP0204A4UF,7,Project Programming Component,20,#007 20% CN01 Project Programming Component,2023-COMP0204,2023-COMP0204-F4U,COMP0204A4UF-7
2023,COMP0204,COMP0204A4UF,7,Project Programming Component,20,#007 20% CN01 Project Programming Component,2023-COMP0204,2023-COMP0204-A4U,COMP0204A4UF-7
2023,COMP0205,COMP0205A4UF,1,Coursework 1,40,#001 40% CN01 Coursework 1,2023-COMP0205,2023-COMP0205-F4U,COMP0205A4UF-1
2023,COMP0205,COMP0205A4UF,1,Coursework 1,40,#001 40% CN01 Coursework 1,2023-COMP0205,2023-COMP0205-A4U,COMP0205A4UF-1
2023,COMP0205,COMP0205A4UF,2,Coursework 2,40,#002 40% CN01 Coursework 2,2023-COMP0205,2023-COMP0205-F4U,COMP0205A4UF-2
2023,COMP0205,COMP0205A4UF,2,Coursework 2,40,#002 40% CN01 Coursework 2,2023-COMP0205,2023-COMP0205-A4U,COMP0205A4UF-2
2023,COMP0205,COMP0205A4UF,3,Project Ethics Component,20,#003 20% CN01 Project Ethics Component,2023-COMP0205,2023-COMP0205-F4U,COMP0205A4UF-3
2023,COMP0205,COMP0205A4UF,3,Project Ethics Component,20,#003 20% CN01 Project Ethics Component,2023-COMP0205,2023-COMP0205-A4U,COMP0205A4UF-3
2023,COMP0206,COMP0206A4UF,1,Mathematical Exercise 1,10,#001 10% PD01 Mathematical Exercise 1,2023-COMP0206,2023-COMP0206-A4U,COMP0206A4UF-1
2023,COMP0206,COMP0206A4UF,1,Mathematical Exercise 1,10,#001 10% PD01 Mathematical Exercise 1,2023-COMP0206,2023-COMP0206-F4U,COMP0206A4UF-1
2023,COMP0206,COMP0206A4UF,2,Mathematical Exercise 2,10,#002 10% PD01 Mathematical Exercise 2,2023-COMP0206,2023-COMP0206-A4U,COMP0206A4UF-2
2023,COMP0206,COMP0206A4UF,2,Mathematical Exercise 2,10,#002 10% PD01 Mathematical Exercise 2,2023-COMP0206,2023-COMP0206-F4U,COMP0206A4UF-2
2023,COMP0206,COMP0206A4UF,3,Mathematical Exercise 3,10,#003 10% PD01 Mathematical Exercise 3,2023-COMP0206,2023-COMP0206-A4U,COMP0206A4UF-3
2023,COMP0206,COMP0206A4UF,3,Mathematical Exercise 3,10,#003 10% PD01 Mathematical Exercise 3,2023-COMP0206,2023-COMP0206-F4U,COMP0206A4UF-3
2023,COMP0206,COMP0206A4UF,4,Mathematical Exercise 4,10,#004 10% PD01 Mathematical Exercise 4,2023-COMP0206,2023-COMP0206-A4U,COMP0206A4UF-4
2023,COMP0206,COMP0206A4UF,4,Mathematical Exercise 4,10,#004 10% PD01 Mathematical Exercise 4,2023-COMP0206,2023-COMP0206-F4U,COMP0206A4UF-4
2023,COMP0206,COMP0206A4UF,5,Test (In Person),40,#005 40% TD01 Test (In Person),2023-COMP0206,2023-COMP0206-A4U,COMP0206A4UF-5
2023,COMP0206,COMP0206A4UF,5,Test (In Person),40,#005 40% TD01 Test (In Person),2023-COMP0206,2023-COMP0206-F4U,COMP0206A4UF-5
2023,COMP0206,COMP0206A4UF,6,Project Mathematical Component,20,#006 20% CN01 Project Mathematical Component,2023-COMP0206,2023-COMP0206-F4U,COMP0206A4UF-6
2023,COMP0206,COMP0206A4UF,6,Project Mathematical Component,20,#006 20% CN01 Project Mathematical Component,2023-COMP0206,2023-COMP0206-A4U,COMP0206A4UF-6
2023,COMP0207,COMP0207A4UF,1,Coursework 1,40,#001 40% CN01 Coursework 1,2023-COMP0207,2023-COMP0207-F4U,COMP0207A4UF-1
2023,COMP0207,COMP0207A4UF,1,Coursework 1,40,#001 40% CN01 Coursework 1,2023-COMP0207,2023-COMP0207-A4U,COMP0207A4UF-1
2023,COMP0207,COMP0207A4UF,2,Coursework 2,40,#002 40% CN01 Coursework 2,2023-COMP0207,2023-COMP0207-F4U,COMP0207A4UF-2
2023,COMP0207,COMP0207A4UF,2,Coursework 2,40,#002 40% CN01 Coursework 2,2023-COMP0207,2023-COMP0207-A4U,COMP0207A4UF-2
2023,COMP0207,COMP0207A4UF,3,Project Electronic Circuits Component,20,#003 20% CN01 Project Electronic Circuits Component,2023-COMP0207,2023-COMP0207-F4U,COMP0207A4UF-3
2023,COMP0207,COMP0207A4UF,3,Project Electronic Circuits Component,20,#003 20% CN01 Project Electronic Circuits Component,2023-COMP0207,2023-COMP0207-A4U,COMP0207A4UF-3
2023,COMP0208,COMP0208A4UF,1,Coursework 1,40,#001 40% CN01 Coursework 1,2023-COMP0208,2023-COMP0208-F4U,COMP0208A4UF-1
2023,COMP0208,COMP0208A4UF,1,Coursework 1,40,#001 40% CN01 Coursework 1,2023-COMP0208,2023-COMP0208-A4U,COMP0208A4UF-1
2023,COMP0208,COMP0208A4UF,2,Coursework 2,40,#002 40% CN01 Coursework 2,2023-COMP0208,2023-COMP0208-F4U,COMP0208A4UF-2
2023,COMP0208,COMP0208A4UF,2,Coursework 2,40,#002 40% CN01 Coursework 2,2023-COMP0208,2023-COMP0208-A4U,COMP0208A4UF-2
2023,COMP0208,COMP0208A4UF,3,Project Control Systems Component,20,#003 20% CN01 Project Control Systems Component,2023-COMP0208,2023-COMP0208-F4U,COMP0208A4UF-3
2023,COMP0208,COMP0208A4UF,3,Project Control Systems Component,20,#003 20% CN01 Project Control Systems Component,2023-COMP0208,2023-COMP0208-A4U,COMP0208A4UF-3
2023,COMP0209,COMP0209A4UF,1,Programming Exercise 1,15,#001 15% PD01 Programming Exercise 1,2023-COMP0209,2023-COMP0209-F4U,COMP0209A4UF-1
2023,COMP0209,COMP0209A4UF,1,Programming Exercise 1,15,#001 15% PD01 Programming Exercise 1,2023-COMP0209,2023-COMP0209-A4U,COMP0209A4UF-1
2023,COMP0209,COMP0209A4UF,2,Programming Exercise 2,15,#002 15% PD01 Programming Exercise 2,2023-COMP0209,2023-COMP0209-F4U,COMP0209A4UF-2
2023,COMP0209,COMP0209A4UF,2,Programming Exercise 2,15,#002 15% PD01 Programming Exercise 2,2023-COMP0209,2023-COMP0209-A4U,COMP0209A4UF-2
2023,COMP0209,COMP0209A4UF,3,Programming Exercise 3,15,#003 15% PD01 Programming Exercise 3,2023-COMP0209,2023-COMP0209-F4U,COMP0209A4UF-3
2023,COMP0209,COMP0209A4UF,3,Programming Exercise 3,15,#003 15% PD01 Programming Exercise 3,2023-COMP0209,2023-COMP0209-A4U,COMP0209A4UF-3
2023,COMP0209,COMP0209A4UF,4,Programming Exercise 4,15,#004 15% PD01 Programming Exercise 4,2023-COMP0209,2023-COMP0209-F4U,COMP0209A4UF-4
2023,COMP0209,COMP0209A4UF,4,Programming Exercise 4,15,#004 15% PD01 Programming Exercise 4,2023-COMP0209,2023-COMP0209-A4U,COMP0209A4UF-4
2023,COMP0209,COMP0209A4UF,5,Report,40,#005 40% CN01 Report,2023-COMP0209,2023-COMP0209-F4U,COMP0209A4UF-5
2023,COMP0209,COMP0209A4UF,5,Report,40,#005 40% CN01 Report,2023-COMP0209,2023-COMP0209-A4U,COMP0209A4UF-5
2023,COMP0210,COMP0210A6UF,1,4000 lines of code and 6000 words of documentation,100,#001 100% CN01 4000 lines of code and 6000 words of documentation,2023-COMP0210,2023-COMP0210-A6U,COMP0210A6UF-1
2023,COMP0210,COMP0210A7PF,1,Coursework 1,50,#001 50% CN01 Coursework 1,2023-COMP0210,2023-COMP0210-A7P,COMP0210A7PF-1
2023,COMP0210,COMP0210A7PF,2,Coursework 2,50,#002 50% CN01 Coursework 2,2023-COMP0210,2023-COMP0210-A7P,COMP0210A7PF-2
2023,COMP0210,COMP0210A7UF,1,Coursework 1,50,#001 50% CN01 Coursework 1,2023-COMP0210,2023-COMP0210-A7U,COMP0210A7UF-1
2023,COMP0210,COMP0210A7UF,2,Coursework 2,50,#002 50% CN01 Coursework 2,2023-COMP0210,2023-COMP0210-A7U,COMP0210A7UF-2
2023,COMP0232,COMP0232A7PF,1,Coursework,100,#001 100% CN01 Coursework,2023-COMP0232,2023-COMP0232-F7P,COMP0232A7PF-1
2023,COMP0232,COMP0232A7PF,1,Coursework,100,#001 100% CN01 Coursework,2023-COMP0232,2023-COMP0232-A7P,COMP0232A7PF-1
2023,COMP0232,COMP0232A7UF,1,Coursework,100,#001 100% CN01 Coursework,2023-COMP0232,2023-COMP0232-A7U,COMP0232A7UF-1
2023,COMP0233,COMP0233A7PF,1,Coursework 1 (Individual),50,#001 50% GN02 Coursework 1 (Individual),2023-COMP0233,2023-COMP0233-A7P,COMP0233A7PF-1
2023,COMP0233,COMP0233A7PF,2,Coursework 2 (Group),50,#002 50% CN01 Coursework 2 (Group),2023-COMP0233,2023-COMP0233-A7P,COMP0233A7PF-2
2023,COMP0233,COMP0233A7UF,1,Coursework 1 (Individual),50,#001 50% GN02 Coursework 1 (Individual),2023-COMP0233,2023-COMP0233-A7U,COMP0233A7UF-1
2023,COMP0233,COMP0233A7UF,2,Coursework 2 (Group),50,#002 50% CN01 Coursework 2 (Group),2023-COMP0233,2023-COMP0233-A7U,COMP0233A7UF-2
2023,COMP0234,COMP0234A7PF,1,Project/ Dissertation Report,90,#001 90% RN01 Project/ Dissertation Report,2023-COMP0234,2023-COMP0234-A7P,COMP0234A7PF-1
2023,COMP0234,COMP0234A7PF,2,Oral Presentation,10,#002 10% OD02 Oral Presentation,2023-COMP0234,2023-COMP0234-A7P,COMP0234A7PF-2
2023,COMP0235,COMP0235A7PF,1,Controlled Condition Exam (In Person),50,#001 50% EC05 Controlled Condition Exam (In Person),2023-COMP0235,2023-COMP0235-A7P,COMP0235A7PF-1
2023,COMP0235,COMP0235A7PF,2,Coursework,50,#002 50% CN01 Coursework,2023-COMP0235,2023-COMP0235-A7P,COMP0235A7PF-2
2023,COMP0236,COMP0236A7PF,1,Coursework 1 (Individual),50,#001 50% CN01 Coursework 1 (Individual),2023-COMP0236,2023-COMP0236-A7P,COMP0236A7PF-1
2023,COMP0236,COMP0236A7PF,2,Coursework 2 (Group),50,#002 50% GN02 Coursework 2 (Group),2023-COMP0236,2023-COMP0236-A7P,COMP0236A7PF-2
2023,COMP0236,COMP0236A7UF,1,Coursework 1 (Individual),50,#001 50% CN01 Coursework 1 (Individual),2023-COMP0236,2023-COMP0236-A7U,COMP0236A7UF-1
2023,COMP0236,COMP0236A7UF,2,Coursework 2 (Group),50,#002 50% GN02 Coursework 2 (Group),2023-COMP0236,2023-COMP0236-A7U,COMP0236A7UF-2
2023,COMP0237,COMP0237A7PF,1,Coursework 1 (Group),50,#001 50% GN02 Coursework 1 (Group),2023-COMP0237,2023-COMP0237-A7P,COMP0237A7PF-1
2023,COMP0237,COMP0237A7PF,2,Coursework 2 (Individual),35,#002 35% CN01 Coursework 2 (Individual),2023-COMP0237,2023-COMP0237-A7P,COMP0237A7PF-2
2023,COMP0237,COMP0237A7PF,3,Coursework 3 (Individual),15,#003 15% CN01 Coursework 3 (Individual),2023-COMP0237,2023-COMP0237-A7P,COMP0237A7PF-3
2023,COMP0237,COMP0237A7UF,1,Coursework 1 (Group),50,#001 50% GN02 Coursework 1 (Group),2023-COMP0237,2023-COMP0237-A7U,COMP0237A7UF-1
2023,COMP0237,COMP0237A7UF,2,Coursework 2 (Individual),35,#002 35% CN01 Coursework 2 (Individual),2023-COMP0237,2023-COMP0237-A7U,COMP0237A7UF-2
2023,COMP0237,COMP0237A7UF,3,Coursework 3 (Individual),15,#003 15% CN01 Coursework 3 (Individual),2023-COMP0237,2023-COMP0237-A7U,COMP0237A7UF-3
2023,COMP0238,COMP0238A6UF,1,Controlled Condition Exam (In Person),80,#001 80% EC05 Controlled Condition Exam (In Person),2023-COMP0238,2023-COMP0238-A6U,COMP0238A6UF-1
2023,COMP0238,COMP0238A6UF,2,Test 1,10,#002 10% TD01 Test 1,2023-COMP0238,2023-COMP0238-A6U,COMP0238A6UF-2
2023,COMP0238,COMP0238A6UF,3,Test 2,10,#003 10% TD01 Test 2,2023-COMP0238,2023-COMP0238-A6U,COMP0238A6UF-3
2023,COMP0239,COMP0239A7PF,1,Controlled Condition Exam (In Person),50,#001 50% EC05 Controlled Condition Exam (In Person),2023-COMP0239,2023-COMP0239-A7P,COMP0239A7PF-1
2023,COMP0239,COMP0239A7PF,2,Coursework,50,#002 50% CN01 Coursework,2023-COMP0239,2023-COMP0239-A7P,COMP0239A7PF-2
2023,ENGF0034,ENGF0034A4UF,1,Technical Specification,15,#001 15% CN01 Technical Specification,2023-ENGF0034,2023-ENGF0034-A4U,ENGF0034A4UF-1
2023,ENGF0034,ENGF0034A4UF,2,Report (1200 to 1500 Words),15,#002 15% CN01 Report (1200 to 1500 Words),2023-ENGF0034,2023-ENGF0034-A4U,ENGF0034A4UF-2
2023,ENGF0034,ENGF0034A4UF,3,Presentation,10,#003 10% OD01 Presentation,2023-ENGF0034,2023-ENGF0034-A4U,ENGF0034A4UF-3
2023,ENGF0034,ENGF0034A4UF,4,Technical Report,20,#004 20% GN02 Technical Report,2023-ENGF0034,2023-ENGF0034-A4U,ENGF0034A4UF-4
2023,ENGF0034,ENGF0034A4UF,5,Video Demo,20,#005 20% GN02 Video Demo,2023-ENGF0034,2023-ENGF0034-A4U,ENGF0034A4UF-5
2023,ENGF0034,ENGF0034A4UF,6,Technical File,20,#006 20% CN01 Technical File,2023-ENGF0034,2023-ENGF0034-A4U,ENGF0034A4UF-6
